SMILES,Solvent,Emission max (nm),Abs,Solvent_id,def_EmAbs
C[Si](C)(C)C#CC(C#C[Si](C)(C)C)=Cc1ccc(C=C(C#C[Si](C)(C)C)C#C[Si](C)(C)C)s1,ClC(Cl)Cl,475,458,1,17
C(=N/c1ccc(-c2cn3nc(-c4cccs4)sc3n2)cc1)\c1c2ccccc2cc2ccccc12,ClC(Cl)Cl,526,380,1,146
COc1cc2c(cc1-c1ccccc1)Cc1c3c(c4c(c1-2)-c1cc(OC)c(-c2ccccc2)cc1C4)C(=O)N(CCC(C)C)C3=O,ClC(Cl)Cl,492,414,1,78
COc1ccc2c(c1)SCC1=C(c3ccccc3)C3=Nc4c(-c5ccccc5)c5c(n4[B-](F)(F)[N+]3=C12)-c1ccc(OC)cc1SC5,ClC(Cl)Cl,730,706,1,24
c1cc2cc(c1)c1cccc(c1)c1cccc(c1)c1cccc(c1)c1cccc(c1)c1cccc2c1,ClC(Cl)Cl,337,251,1,86
CN1C(=CC2=C([O-])C(=Cc3sc4ccccc4[n+]3C)C2=C(C#N)C#N)Sc2ccccc21,ClC(Cl)Cl,723,703,1,20
CC1=c2cc3c(C)c4n(c3cc2=[N+]2C1=Cc1c3ccccc3c(C)n1[B-]2(F)F)[B-](F)(F)[N+]1=C(C)c2ccccc2C1=C4,ClC(Cl)Cl,781,775,1,6
O=S(=O)(/N=c1\oc2cccc3c4c(-c5ccccc5)oc5cccc(c(c1-c1ccccc1)c23)c54)C(F)(F)F,ClC(Cl)Cl,558,460,1,98
CCOC(=O)/C=C/C1=C(c2ccc(C)cc2)C2=Nc3c(-c4ccc(C)cc4)cc(-c4ccc(C)cc4)n3[B-](F)(F)[N+]2=C1c1ccc(C)cc1,ClC(Cl)Cl,700,663,1,37
CC(C)(C)c1ccc2oc3nc4oc5ccc(N6c7ccccc7Oc7ccccc76)cc5c4cc3c2c1,ClC(Cl)Cl,491,347,1,144
CCCCC1(c2ccc(OC)cc2)Nc2ccccc2N=C1c1ccc(OC)cc1,ClC(Cl)Cl,507,372,1,135
CCCCCCCCCCCCCCCCOc1cc(C#Cc2ccc3ccccc3c2-c2c(C#Cc3cc(OCCCCCCCCCCCCCCCC)c(C#Cc4ccc(C=C(C#N)C#N)cc4)cc3OCCCCCCCCCCCCCCCC)ccc3ccccc23)c(OCCCCCCCCCCCCCCCC)cc1C#Cc1ccc(C=C(C#N)C#N)cc1,ClC(Cl)Cl,603,446,1,157
CCCCc1cc(-c2cccc(COC)c2)oc1-c1cccc(COC)c1,ClC(Cl)Cl,363,326,1,37
C#CCOc1ccc(C2=[N+]3C(=Nc4c(-c5ccccc5)cc(-c5ccc(O)cc5)n4[B-]3(F)F)C(c3ccccc3)=C2)cc1,ClC(Cl)Cl,708,680,1,28
CCCCCCCCOc1ccc(-c2c3c4n(c(-c5ccc(OCCCCCCCC)cc5)c3c3n2[B-](F)(F)[n+]2c(ccc5cc(C(C)(C)C)ccc52)C=3C#N)[B-](F)(F)[n+]2c(ccc3cc(C(C)(C)C)ccc32)C=4C#N)cc1,ClC(Cl)Cl,773,754,1,19
N#Cc1ccc(Oc2ccc3c4c(cccc24)C(=O)N(CCO)C3=O)cc1,ClC(Cl)Cl,413,352,1,61
C(=C/c1ccnc2ccccc12)\c1ccc(/C=C/c2ccnc3ccccc23)cc1,ClC(Cl)Cl,433,370,1,63
c1ccc(-c2cc(-c3ccc4c(c3)C3(c5ccccc5-c5ccccc53)c3cc(-c5cc(-c6ccccn6)nc(-c6ccccn6)c5)ccc3-4)cc(-c3ccccn3)n2)nc1,ClC(Cl)Cl,395,344,1,51
COc1ccc(N(c2ccc(OC)cc2)c2cc3ccc4cc(B(c5c(C)cc(C)cc5C)c5c(C)cc(C)cc5C)cc5ccc(c2)c3c45)cc1,ClC(Cl)Cl,532,399,1,133
CCC1=C(C)C(=O)n2c1cc1c(c(C)c(C(=O)OCC(C)C)n1CC(C)C)c2=O,ClC(Cl)Cl,457,399,1,58
C[N+]1=C(/C=C/C2=C3Oc4c(cc5c6c4CCCN6CCC5)C(c4ccccc4C(=O)O)=C3CCC2)C(C)(C)c2ccccc21,ClC(Cl)Cl,757,730,1,27
CC(C)(C)c1ccc2c(c1)c1cc(C(C)(C)C)ccc1n2-c1ccc(C#Cc2ccc(C#Cc3ccc(-n4c5ccc(C(C)(C)C)cc5c5cc(C(C)(C)C)ccc54)cc3)cc2)cc1,ClC(Cl)Cl,419,356,1,63
CCC1=C(C)C2=C(c3cc(C(=O)Cl)cc(C4=C5C(C)=C(CC)C(C)=[N+]5[B-](F)(F)n5c(C)c(CC)c(C)c54)c3)c3c(C)c(CC)c(C)n3[B-](F)(F)[N+]2=C1C,ClC(Cl)Cl,562,534,1,28
CCOC(=O)c1ccccc1-c1c2ccc(=[N+](CC)CC)cc-2oc2c1c(=O)oc1cc(N(CC)CC)ccc12,ClC(Cl)Cl,640,601,1,39
F[B-]1(F)OC(c2ccc(Br)cc2)=Cc2c3ccccc3cc[n+]21,ClC(Cl)Cl,466.4,403,1,63.4
CCCCCCCCCc1csc2cc(-c3cc(-c4cc5scc(CCCCCCCCC)c5s4)c4ccc5c(-c6cc7scc(CCCCCCCCC)c7s6)cc(-c6cc7scc(CCCCCCCCC)c7s6)c6ccc3c4c65)sc12,ClC(Cl)Cl,490,429,1,61
CC(C)C[Si](C#Cc1c2c(=O)c3ccccc3c2c(C#C[Si](CC(C)C)(CC(C)C)CC(C)C)c2c(=O)c3ccccc3c12)(CC(C)C)CC(C)C,ClC(Cl)Cl,567,524,1,43
COc1ccc(-c2cc(-c3ccc(C)cc3)nc3c(C#N)c(N4CCCC4)nc(N)c23)cc1,ClC(Cl)Cl,504,418,1,86
CC(C)c1cccc(C(C)C)c1-n1c(=O)c2ccc3c4ccc5c(=O)n(-c6c(C(C)C)cccc6C(C)C)c(=O)c6cc7c(-c8ccccc8)nc8cc(c1=O)c2c3c8c7c4c56,ClC(Cl)Cl,493,476,1,17
COc1cc2cc(OC)c(-c3ccc([N+](=O)[O-])cc3)cc2cc1-c1ccc([N+](=O)[O-])cc1,ClC(Cl)Cl,544,336,1,208
CCOC(CN1C(=O)C2=C(c3cccs3)N(CC(OCC)OCC)C(=O)C2=C1c1cccs1)OCC,ClC(Cl)Cl,557,533,1,24
CN(C)c1ccc(/C=C/C=N/N=C/c2ccc3ccc4cccc5ccc2c3c45)cc1,ClC(Cl)Cl,482,433,1,49
COc1cccc(-n2c(-c3ccccc3)nc(C)c2C)c1,ClC(Cl)Cl,366,283,1,83
COc1cc2c(cc1C=C(C#N)C#N)c1ccccc1n2C,ClC(Cl)Cl,474,430,1,44
CCCCN1C(=O)c2cc(Br)c3c4c(Br)c(Br)c5c6c(cc(Br)c(c7c(Br)c(Br)c(c2c37)C1=O)c64)C(=O)N(CCCC)C5=O,ClC(Cl)Cl,580,534,1,46
CCOC(=O)/C(C#N)=C\c1cn(-c2ccccc2)nc1-c1ccccc1,ClC(Cl)Cl,431,351,1,80
CC(C)(C)C1Nc2ccccc2C(=O)N1c1ccccc1,ClC(Cl)Cl,409,344,1,65
COc1cc(OC)cc(-c2ccc(-c3ccc(C#N)s3)s2)c1,ClC(Cl)Cl,441,367,1,74
COc1ccc(C2=Cc3c4ccccc4cc[n+]3[B-](F)(F)O2)cc1,ClC(Cl)Cl,478.2,410.5,1,67.7
CC1=C(/C=C/c2ccccc2)C(C)=[N+]2C1=C(c1ccccc1)c1c(C)c(/C=C/c3ccccc3)c(C)n1[B-]2(F)F,ClC(Cl)Cl,633,575,1,58
CC1=CC(C)=[N+]2C1=C(c1ccc3cccnc3n1)c1c(C)cc(C)n1[B-]2(F)F,ClC(Cl)Cl,527,509,1,18
C[N+]1=c2ccc3c(c2C(C)(C)CC1)Oc1cc2c(cc1C=3c1ccccc1C(=O)O)C(c1ccccc1C(=O)O)=c1ccc3c(c1O2)C(C)(C)CC[N+]=3C,ClC(Cl)Cl,640,617,1,23
CC1(C)CC(/N=C/c2ccc3ccc4cccc5ccc2c3c45)CC(C)(C)N1,ClC(Cl)Cl,393,361,1,32
c1ccc2c(c1)cc(-c1cc(-c3nccs3)nc(-c3nccs3)c1)c1ccccc12,ClC(Cl)Cl,383,330,1,53
CN(C)c1ccc(/C=C/c2cc[n+](C)cc2)cc1,ClC(Cl)Cl,585.000585,500,1,85.000585
CN(C)c1ccc(/C=C/C(=C(C#N)C#N)c2ccc3c4c(cccc24)CC3)cc1,ClC(Cl)Cl,568,483,1,85
OCC1O[C@@H](Cc2cc(O)cc(/C=C/c3ccc(O)c(O)c3)c2)[C@H](O)[C@@H](O)[C@@H]1O,ClC(Cl)Cl,373,312,1,61
Cc1cc2c(o1)=CC1=C(C(F)(F)F)c3cc4oc(C)cc4n3[B-](F)(F)[N+]=21,ClC(Cl)Cl,620,613,1,7
Cc1ccc(C2CC(=O)Oc3c2c2nc4ccc(C)cc4nc2c2ccccc32)cc1,ClC(Cl)Cl,442,411,1,31
c1ccc2cc(-n3cnc4ccccc43)ccc2c1,ClC(Cl)Cl,375,276,1,99
Cc1ccc(-c2oc3cccc4c5c(-c6ccc(C)cc6)/c(=N/S(=O)(=O)C(F)(F)F)oc6cccc(c2c34)c65)cc1,ClC(Cl)Cl,577,470,1,107
N#CC(C#N)=Cc1cn(-c2ccccc2)nc1-c1ccccc1,ClC(Cl)Cl,432,359,1,73
c1ccc(-c2ncc3ccccn23)cc1,ClC(Cl)Cl,461,317,1,144
N#Cc1c(-c2ccc([N+](=O)[O-])cc2)cc(-c2ccc([N+](=O)[O-])cc2)[nH]c1=O,ClC(Cl)Cl,475,386,1,89
C(#Cc1ccccc1)C(C#Cc1ccccc1)=Cc1ccc(C=C(C#Cc2ccccc2)C#Cc2ccccc2)cc1,ClC(Cl)Cl,475,416,1,59
CCC1=C(CC)C(C)=[N+]2C1=Cc1c(C)c3cc4c(cc3n1[B-]2(F)F)=[N+]1C(=Cc2c(CC)c(CC)c(C)n2[B-]1(F)F)C=4C,ClC(Cl)Cl,703,692,1,11
CCCCn1c2ccccc2c2ccc3c4cc(-c5ccc6ccccc6c5)ccc4n(CCCC)c3c21,ClC(Cl)Cl,410,332,1,78
COc1ccc(C2=CC(c3ccc4cc(N(C)C)ccc4c3)=[O+][B-](F)(F)O2)cc1,ClC(Cl)Cl,596,494,1,102
Cc1ccc2ccc3c(c2n1)N/C(=C\C1=C([O-])/C(=C/C2=[NH+]c4c(ccc5ccc(C)nc45)C2(C)C)C1=O)C3(C)C,ClC(Cl)Cl,708,687,1,21
COc1ccc(-c2ccc(-c3ccc(OC)cc3)c3nc(-c4ccccc4)c(-c4ccccc4)nc23)cc1,ClC(Cl)Cl,502,366,1,136
Clc1cc(Cl)c([C](c2c(Cl)cc(Cl)cc2Cl)c2c(Cl)cc(-n3c4ccccc4c4ccccc43)cc2Cl)c(Cl)c1,ClC(Cl)Cl,680,598,1,82
COc1ccc2c(c1)CCc1c(-c3ccccc3)c3n(c1-2)[B-](F)(F)[N+]1=C2C(=C(c4ccccc4)C1=N3)CCc1ccccc12,ClC(Cl)Cl,734,723,1,11
Cc1ccccc1Oc1ccc2c3c(cccc13)C(=O)N(CCO)C2=O,ClC(Cl)Cl,424,355,1,69
c1ccc(N(c2ccccc2)c2ccc(-c3ccc(-c4ccc(-c5ccc(-c6ccc(N(c7ccccc7)c7ccccc7)cc6)s5)c5nsnc45)s3)cc2)cc1,ClC(Cl)Cl,690,530,1,160
COc1ccccc1C1=[N+]2C(=C(c3ccc(I)cc3)c3ccc(-c4ccccc4OC)n3[B-]2(F)F)C=C1,ClC(Cl)Cl,598,545,1,53
CCCCC1(c2ccccc2)Nc2c(-c3ccc(OC)cc3)ccc(-c3ccc(OC)cc3)c2N=C1c1ccccc1,ClC(Cl)Cl,537,400,1,137
CCOC(=O)/C(C)=C/C1=C(c2ccc(C)cc2)C2=Nc3c(-c4ccc(C)cc4)c(Br)c(-c4ccc(C)cc4)n3[B-](F)(F)[N+]2=C1c1ccc(C)cc1,ClC(Cl)Cl,702,661,1,41
O=S(=O)(c1cccc(N2c3ccccc3Sc3ccccc32)c1)c1cccc(N2c3ccccc3Sc3ccccc32)c1,ClC(Cl)Cl,579,296,1,283
CC(=O)OCCN1C(=O)c2cccc3c(Oc4ccccc4C)ccc(c23)C1=O,ClC(Cl)Cl,419,352,1,67
CCCCN1C(=O)c2cccc3c(Oc4cc(COc5ccc(N6C(=O)c7cccc8c(NCCN(C)C)ccc(c78)C6=O)cc5)cc(Oc5ccc6c7c(cccc57)C(=O)N(CCCC)C6=O)c4)ccc(c23)C1=O,ClC(Cl)Cl,497,430,1,67
CN1C(=CC2=C([O-])C(=CC3=[N+](C)c4ccccc4C3(C)C)C2=O)C(C)(C)c2cc(Cl)ccc21,ClC(Cl)Cl,653,637,1,16
C/C(=N\Nc1ccc(C#N)cc1)c1ccccn1,ClC(Cl)Cl,460,343,1,117
Cc1ccc(/C2=c3\cc/c(o3)=C(\c3ccc(C)cc3)c3ccc([nH]3)-c3ccc4n3[B-](F)(F)[N+]3=C(C=CC3=C4c3cccs3)c3ccc2[nH]3)cc1,ClC(Cl)Cl,722,709,1,13
CCCCCCCCCCCCOc1cc2c3cc(OCCCCCCCCCCCC)c(OCCCCCCCCCCCC)cc3c3c(cc(OCCCCCCCCCCCC)c4nc5cc(C#Cc6ccc(OCCCCCCCC)cc6)c(C#Cc6ccc(OCCCCCCCC)cc6)cc5nc43)c2cc1OCCCCCCCCCCCC,ClC(Cl)Cl,657,486,1,171
F[B-]1(F)n2c(Nc3cccc4cccnc34)ccc2C(c2ccccc2)=C2C=CC(Cl)=[N+]21,ClC(Cl)Cl,583,555,1,28
C[Si](C)(C)c1sc([Si](C)(C)C)c2c1sc1c2sc2sc3sc4c(sc5c([Si](C)(C)C)sc([Si](C)(C)C)c54)c3c21,ClC(Cl)Cl,360,332,1,28
CCCCCCC(CCCCCC)N1C(=O)c2cccc3c(-c4ccc([Si](C)(C)C)cc4)ccc(c23)C1=O,ClC(Cl)Cl,425.4,356,1,69.4
C(#Cc1ccccc1)C(C#Cc1ccccc1)=Cc1ccc2cc(C=C(C#Cc3ccccc3)C#Cc3ccccc3)ccc2c1,ClC(Cl)Cl,473,418,1,55
Fc1ccc(C2=NC(c3ccccc3)C(N(c3ccccc3)c3ccccc3)S2)cc1,ClC(Cl)Cl,461,363,1,98
c1csc(-c2ccc(-c3cccs3)c3nsnc23)c1,ClC(Cl)Cl,565,445,1,120
C#CCNC1=C2C=CC=[N+]2[B-](F)(F)n2cccc21,ClC(Cl)Cl,485,418,1,67
CCN(CC)c1cccc2c1ccc1c(=O)oc(-c3ccc(C(F)(F)F)cc3)cc12,ClC(Cl)Cl,542,393,1,149
COC(=O)C(Cc1ccc2oc(-c3ccc(Nc4ccccc4)cc3)nc2c1)NC(=O)OC(C)(C)C,ClC(Cl)Cl,420.0092402,347.1981112,1,72.811129
CC[Si](C#Cc1c2c(=O)c3ccccc3c2c(C#C[Si](CC)(CC)CC)c2c(=O)c3ccccc3c12)(CC)CC,ClC(Cl)Cl,569,522,1,47
c1ccc(-c2ccc(-c3nc(-c4ccccc4)c(N(c4ccccc4)c4ccccc4)[se]3)cc2)cc1,ClC(Cl)Cl,468,394,1,74
N#Cc1nnn(-c2ccnc3cc(Cl)ccc23)c1N,ClC(Cl)Cl,398.0099502,385.000385,1,13.0095652
CCCN1c2ccccc2Sc2cc(/C=C\c3cc(=O)oc4c(O)c(O)ccc34)ccc21,ClC(Cl)Cl,643,427,1,216
CC[n+]1c(C=C2C(=O)C(C=C3N(C)c4ccc(Cl)cc4C3(C)C)=C2[O-])[se]c2ccccc21,ClC(Cl)Cl,677,655,1,22
CC(=O)O[B-]1(OC(C)=O)OC(/C=C/c2ccccc2)=CC(/C=C/c2ccccc2)=[O+]1,ClC(Cl)Cl,472,426,1,46
Nc1ccc2cc(-c3ccc(C(F)(F)F)cc3)oc(=O)c2c1,ClC(Cl)Cl,438,336,1,102
CCCCCCCCCCCCOc1cc2c3cc(OCCCCCCCCCCCC)c(OCCCCCCCCCCCC)cc3c3c(cc(OCCCCCCCCCCCC)c4nc5cc(C#Cc6ccc(OCCCC)cc6)c(C#Cc6ccc(OCCCC)cc6)cc5nc43)c2cc1OCCCCCCCCCCCC,ClC(Cl)Cl,661,485,1,176
N#Cc1cc2ccccc2oc1=N,ClC(Cl)Cl,411,352,1,59
CCc1ccc(-c2nc(-c3ccc(-n4c5ccccc5c5ccccc54)cc3)cc(-c3ccc(-n4c5ccccc5c5ccccc54)cc3)n2)cc1,ClC(Cl)Cl,435,344,1,91
N#CC(C#N)=Cc1ccc(-c2ccc(N(c3ccccc3)c3ccccc3)cc2)o1,ClC(Cl)Cl,618,509,1,109
c1ccc2cc3cc(-c4cc(-c5nccs5)nc(-c5nccs5)c4)ccc3cc2c1,ClC(Cl)Cl,452,394,1,58
COc1ccc(C(=O)/C=C/c2ccc(N(C)C)cc2)cc1OC,ClC(Cl)Cl,507,417,1,90
COc1ccc2c(C#N)cc3ccc4cc(C#N)c5ccc(OC)cc5c4c3c2c1,ClC(Cl)Cl,426,422,1,4
c1ccc(-n2c(-c3ccc(-c4ccc(-c5ccc(-c6nc7c8ccccc8c8ccccc8c7n6-c6ccccc6)cc5)cc4)cc3)nc3ccccc32)cc1,ClC(Cl)Cl,427,340,1,87
Cc1ccc(C2CC(=O)Oc3c2c2nc4ccccc4nc2c2ccccc32)cc1,ClC(Cl)Cl,440,410,1,30
CC(=O)O[B-]1(OC(C)=O)OC(/C=C/c2cccc3ccccc23)=CC(/C=C/c2cccc3ccccc23)=[O+]1,ClC(Cl)Cl,551,474,1,77
Cc1cc(C(F)(F)F)nc2c1ccc1nc(-c3ccc(Cl)cc3)cn12,ClC(Cl)Cl,452,369.2,1,82.8
CN(C)c1ccc(-c2ccc(-c3ccc(N(C)C)cc3)c3nc(-c4ccccc4)c(-c4ccccc4)nc23)cc1,ClC(Cl)Cl,597,443,1,154
COc1cc(-c2nnc(-c3ccc4ccc5cccc6ccc3c4c56)o2)cc(OC)c1OC,ClC(Cl)Cl,428,396,1,32
O=[N+]([O-])c1ccc(F)cc1C1CC(c2cccc3ccccc23)=NN1c1ccccc1,ClC(Cl)Cl,464,363,1,101
CCCCc1ccc(N(c2ccc(CCCC)cc2)c2ccc3c(c2)S(=O)(=O)c2cc(N(c4ccc(CCCC)cc4)c4ccc(CCCC)cc4)ccc2-3)cc1,ClC(Cl)Cl,516,436,1,80
CCCCCCn1c2cc(/C=C(\C#N)c3ccccc3)ccc2c2ccc(/C=C(\C#N)c3ccccc3)cc21,ClC(Cl)Cl,469.4835681,423.7288136,1,45.7547545
Cc1ccc2c(c1)c(C#N)c(C#N)c1cc(C)ccc12,ClC(Cl)Cl,396,343,1,53
N#CC(C#N)=C(/C=C/c1ccc(N(c2ccccc2)c2ccccc2)cc1)c1ccccc1,ClC(Cl)Cl,619,502,1,117
COCCOCCOCCNc1cc2c3c(c(NCCOCCOCCOC)cc4c3c1C(=O)N(CCOCCOCCOC)C4=O)C(=O)N(CCOCCOCCOC)C2=O,ClC(Cl)Cl,640,610,1,30
CN(C)c1ccc(/C=C2/N=C(c3ccccc3)OC2=O)cc1,ClC(Cl)Cl,518,472,1,46
O=C(O)c1c2ccccc2nc2ccccc12,ClC(Cl)Cl,436,362,1,74
CN(C)c1cccc2c1ccc1c(=O)oc(-c3ccc(C(F)(F)F)cc3)cc12,ClC(Cl)Cl,538,395,1,143
Cc1ccc(-n2c3ccc(-c4ccc(-c5nc6ccccc6n5-c5ccccc5)cc4)cc3c3cc(-c4ccc(-c5nc6ccccc6n5-c5ccccc5)cc4)ccc32)cc1,ClC(Cl)Cl,410,318,1,92
CC1(C)CC(NCc2ccc3ccc4cccc5ccc2c3c45)CC(C)(C)N1,ClC(Cl)Cl,396,389,1,7
CCC1=C(C)c2cc3c(OC)cc(OC)cc3c(=O)n2C1=O,ClC(Cl)Cl,469,434,1,35
CN(C)c1ccc(/C=C/c2nc3c4ccccc4c4ccccc4c3[nH]2)cc1,ClC(Cl)Cl,467,393,1,74
CCCCC1(CCCC)c2ccccc2-c2ccc(-c3c4c(nc5ccccc35)-c3cc5c(cc3CC4)-c3nc4ccccc4c(-c4ccc6c(c4)C(CCCC)(CCCC)c4ccccc4-6)c3CC5)cc21,ClC(Cl)Cl,385,377,1,8
COc1ccc(C2=Cc3ccc4ccccc4[n+]3[B-](F)(F)O2)cc1,ClC(Cl)Cl,457,439,1,18
CC(C)(C)NC(=O)c1cc2ccc3cccc4ccc(c1C(=O)NC(C)(C)C)c2c34,ClC(Cl)Cl,392,385,1,7
CC[Si](C)(C)c1cc2ccc3cccc4ccc(c1C(=O)NC(C)(C)C)c2c34,ClC(Cl)Cl,383,381,1,2
CCCCCCN1C(=O)c2cccc3cc(/N=C\c4nc5ccccc5s4)cc(c23)C1=O,ClC(Cl)Cl,495,370,1,125
CCCCCCN1C(=O)c2cccc3cc(/N=C\c4ccc(N5CCOCC5)cc4)cc(c23)C1=O,ClC(Cl)Cl,557,322,1,235
CCn1c2ccccc2oc2c(C#N)c3oc4ccccc4oc3c(C#N)c21,ClC(Cl)Cl,555,470,1,85
c1ccc(-c2ccnc(-c3ccccc3)n2)cc1,ClC(Cl)Cl,311,278,1,33
CC1=CC(C)=[N+]2C1=C(c1ccc(I)cc1)c1c(C)cc(C)n1[B-]21Oc2ccc3ccccc3c2-c2c(ccc3ccccc23)O1,ClC(Cl)Cl,516.3996697,506,1,10.3996697
CCCCCCOc1ccc(C#Cc2ccc(C#Cc3ccc(OCCCCCC)c(OCCCCCC)c3)c3nsnc23)cc1OCCCCCC,ClC(Cl)Cl,580,447,1,133
COc1ccc(C2=CC(c3ccccc3)=[N+]3C2=Nc2c(-c4ccc(OC)cc4)cc(-c4ccccc4)n2[B-]3(F)F)cc1,ClC(Cl)Cl,695,664,1,31
CCCCn1c2ccccc2c2ccc3c4cc(-c5ccc(OC)cc5)ccc4n(CCCC)c3c21,ClC(Cl)Cl,409,333,1,76
CC(C)(C)n1c(=O)c2cc3ccc4cccc5ccc(c2c1=O)c3c45,ClC(Cl)Cl,451,423,1,28
CCCCCCCCN1c2ccccc2Sc2cc(/C=C/c3ccc(N(c4ccc(/C=C/c5ccc6c(c5)Sc5ccccc5N6CCCCCCCC)cc4)c4ccc(/C=C/c5ccc(/C=C/c6ccc(N(c7ccc(/C=C/c8ccc(N(c9ccccc9)c9ccccc9)cc8)cc7)c7ccc(/C=C/c8ccc(N(c9ccccc9)c9ccccc9)cc8)cc7)cc6)c6nsnc56)cc4)cc3)ccc21,ClC(Cl)Cl,668,534,1,134
CN1C(=CC2=C([O-])C(=CC3=[N+](C)c4ccccc4C3(C)C)C2=C2C(=O)NC(=O)NC2=O)C(C)(C)c2ccccc21,ClC(Cl)Cl,665,644,1,21
CCCCC(CC)Cn1c2ccccc2c2cc(-c3cc4c(cc3F)-c3cc(F)c(-c5ccc6c(c5)c5ccccc5n6CC(CC)CCCC)cc3S4(=O)=O)ccc21,ClC(Cl)Cl,454,387,1,67
Cc1ccc(C2=C3C=CC(C#Cc4ccccc4)=[N+]3[B-](F)(F)n3c(C#Cc4ccccc4)ccc32)cc1,ClC(Cl)Cl,628,614,1,14
CCCCCCOc1ccc(C#Cc2ccc(C#CC#Cc3ccc(C#Cc4ccc(OCCCCCC)c(OCCCCCC)c4)c4nsnc34)c3nsnc23)cc1OCCCCCC,ClC(Cl)Cl,563,472,1,91
O=C1CC(c2cccc([N+](=O)[O-])c2)c2c(c3ccccc3c3nc4ccccc4nc23)O1,ClC(Cl)Cl,428,409,1,19
CCCCC1(c2ccccc2)Nc2c(-c3ccc(N(C)c4ccccc4)cc3)ccc(-c3ccc(N(C)c4ccccc4)cc3)c2N=C1c1ccccc1,ClC(Cl)Cl,589,380,1,209
COc1cc(OC)c2cc(-c3cccc(-c4cc5c(OC)cc(OC)cc5oc4=O)c3)c(=O)oc2c1,ClC(Cl)Cl,438,352,1,86
COc1ccc(O)cc1C=O,ClC(Cl)Cl,433,349,1,84
F[Si](c1ccccc1)(c1ccccc1)c1c2ccccc2cc2ccccc12,ClC(Cl)Cl,426,394,1,32
C[Si](C)(C)c1sc([Si](C)(C)C)c2c1sc1c3sc4c(sc5c4sc4c([Si](C)(C)C)sc([Si](C)(C)C)c45)c3sc12,ClC(Cl)Cl,442,405,1,37
c1ccc2c(-c3ccc(-n4c5ccccc5c5ccccc54)cc3)c3c(nc2c1)-c1cc2c(cc1CC3)-c1nc3ccccc3c(-c3ccc(-n4c5ccccc5c5ccccc54)cc3)c1CC2,ClC(Cl)Cl,385,377,1,8
CC(C)[Si](C#Cc1c2c(=O)c3ccccc3c2c(C#C[Si](C(C)C)(C(C)C)C(C)C)c2c(=O)c3ccccc3c12)(C(C)C)C(C)C,ClC(Cl)Cl,568,525,1,43
Cc1cc(O)c(C(C)C)cc1/N=C/c1ccc(C(F)(F)F)cc1,ClC(Cl)Cl,430,344,1,86
CCN(CC)c1ccc(/C=C/C2=[O+][B-](F)(F)Oc3c2c(=O)oc2cc(N(CC)CC)ccc32)cc1,ClC(Cl)Cl,622,581,1,41
CN(C)c1ccc2nc(-c3ccc(C(=O)Nc4ccccc4)cc3)sc2c1,ClC(Cl)Cl,494,383,1,111
Cc1cc(C)c(C2=C3C=CC=[N+]3[B-]3(c4ccccc4)Oc4cc(O)cc5c6ccc(C)cc6c6cc2n3c6c45)c(C)c1,ClC(Cl)Cl,669,643,1,26
Cc1ccc(-c2cc(-c3ccc(N(C)C)cc3)c3c(N)nc(N4CCCC4)c(C#N)c3n2)cc1,ClC(Cl)Cl,496,416,1,80
c1ccc(-c2c3c(nc4ccccc24)-c2cc4c(cc2CC3)-c2nc3ccccc3c(-c3ccccc3)c2CC4)cc1,ClC(Cl)Cl,387,376,1,11
COc1ccc(-c2nc3ccccc3nc2-c2ccc(OC)cc2)cc1,ClC(Cl)Cl,430,368,1,62
CC1(C)C(/C=C2\C(=O)C(/C=C3\Nc4ccccc4C3(C)C)=C2[O-])=[NH+]c2ccccc21,ClC(Cl)Cl,670,654,1,16
CCCCOC(=O)/C(C#N)=C1\C(=CC2=[N+](C)c3ccccc3C2(C)C)C([O-])=C1C=C1N(C)c2ccccc2C1(C)C,ClC(Cl)Cl,708,691,1,17
COc1ccc(C#Cc2ccc(C#N)cc2)cc1OC,ClC(Cl)Cl,404,329,1,75
Cc1ccc(/C=N/c2cc(C(C)C)c(O)cc2C)cc1,ClC(Cl)Cl,415,346,1,69
CN(CCO)c1ccc(/C=C/C2=CC(=C(C#N)C#N)CC(C)(C)C2)cc1,ClC(Cl)Cl,612,499,1,113
CCC1=C(C)C2=C(C)c3c(C)c(-c4csc(N5CCOCC5)n4)c(C)n3[B-](F)(F)[N+]2=C1C,ClC(Cl)Cl,603,523,1,80
F[B-]1(F)OC(c2ccccc2)=Cc2ccc3ccccc3[n+]21,ClC(Cl)Cl,438,427,1,11
CCOc1ccc2c(-c3nc(-c4cccc(Br)c4)no3)cc(=O)oc2c1,ClC(Cl)Cl,452,403,1,49
COc1ccc(-c2oc3cccc4c5c(-c6ccc(OC)cc6)c(=N)oc6cccc(c2c34)c65)cc1,ClC(Cl)Cl,505,408,1,97
CCN(CC)c1ccc(/C=N/Nc2ccc(C#N)cc2)c(O)c1,ClC(Cl)Cl,410,373,1,37
CC1(C)Cc2c(c3ccccc3c3nc4c5c(c6ccccc6c4nc23)OC(C)(C)C5)O1,ClC(Cl)Cl,512.0327701,490.9180167,1,21.1147534
CCN(CC)c1ccc2c(c1)OC1=C(/C=C/C3=[N+](C)c4ccc5ccccc5c4C3(C)C)CCCC1=C2c1ccccc1C(=O)O,ClC(Cl)Cl,761,736,1,25
F[B-]1(F)n2c(ccc2-c2nc3ccccc3s2)C(c2ccccc2)=C2C=CC(c3nc4ccccc4s3)=[N+]21,ClC(Cl)Cl,643,623,1,20
CCC(CC)n1c2ccccc2c2cc3c(cc21)c1ccccc1n3C(CC)CC,ClC(Cl)Cl,423,419,1,4
CC1=[N+]2C(=C(c3ccccc3)c3ccc(C)n3[B-]2(F)F)C=C1,ClC(Cl)Cl,526,513,1,13
CN(C)CCNCc1c2ccccc2cc2ccccc12,ClC(Cl)Cl,417,367,1,50
c1ccc(-c2nc3c(-c4ccc(N(c5ccccc5)c5ccccc5)cc4)ccc(-c4ccc(N(c5ccccc5)c5ccccc5)cc4)c3nc2-c2ccccc2)cc1,ClC(Cl)Cl,570,437,1,133
O=c1c2cc3ccc4cccc5ccc(c2c(=O)n1-c1ccccc1)c3c45,ClC(Cl)Cl,461,431,1,30
CC(C)(C)c1ccc(C2=c3sc(-c4ccc(C(C)(C)C)cc4)c(-c4ccc(C(C)(C)C)cc4)c3=[N+]3C2=Nc2c(-c4ccc(C(C)(C)C)cc4)c4sc(-c5ccc(C(C)(C)C)cc5)c(-c5ccc(C(C)(C)C)cc5)c4n2[B-]3(F)F)cc1,ClC(Cl)Cl,807,767,1,40
CCn1nc(-c2ccc(F)cc2)c2ccc3[o+]c(-c4ccc(F)cc4)c4ccc1c2c34.[O-][Cl+3]([O-])([O-])[O-],ClC(Cl)Cl,528,487,1,41
C(#Cc1cccs1)C(C#Cc1cccs1)=Cc1ccc(C=C(C#Cc2cccs2)C#Cc2cccs2)s1,ClC(Cl)Cl,550,486,1,64
CCCCC(CC)Cn1c2ccccc2c2ccc(-c3ccc4c(c3)S(=O)(=O)c3cc(-c5ccc6c7ccccc7n(CC(CC)CCCC)c6c5)ccc3-4)cc21,ClC(Cl)Cl,438,371,1,67
Cc1ccc(N(c2ccc(C)cc2)c2ccc(-c3ccc(C=C(C#N)C#N)o3)cc2)cc1,ClC(Cl)Cl,654,521,1,133
C(/C=C/c1ccc2ncnc(Nc3ccccc3)c2c1)=C\c1ccccc1,ClC(Cl)Cl,422,361,1,61
CN(C)c1ccc(-c2nc(C#N)c(C#N)n2C)cc1,ClC(Cl)Cl,437,326,1,111
CCN(CC)c1ccc2c(c1)OC1=C(/C=C/C3=[N+](C)c4ccccc4C3(C)C)CCCC1=C2c1ccccc1C(=O)O,ClC(Cl)Cl,738,716,1,22
O=c1c2cc(-n3c4ccccc4c4ccccc43)ccc2sc2ccc(-n3c4ccccc4c4ccccc43)cc12,ClC(Cl)Cl,493.5,408,1,85.5
Cc1cc(-c2ccc(-n3c4ccccc4c4ccccc43)cc2)nc(-c2ccc(-n3c4ccccc4c4ccccc43)cc2)n1,ClC(Cl)Cl,426,342,1,84
c1ccc2cc(-c3cc(-c4nccs4)nc(-c4nccs4)c3)ccc2c1,ClC(Cl)Cl,372,329,1,43
F[B-]1(F)n2c(cc(Br)c2Br)C(c2ccccc2)=C2C=C(Br)C(c3ccc[nH]3)=[N+]21,ClC(Cl)Cl,642,626,1,16
CCC1=C(C)C2=Cc3cscc3B(O)N2C1=O,ClC(Cl)Cl,414,355,1,59
CCc1c(CC)c2n(c1C)[B-](F)(F)[N+]1=C(C)c3cc4c(cc3C1=C2)=[N+]1C(=Cc2c(CC)c(CC)c(C)n2[B-]1(F)F)C=4C,ClC(Cl)Cl,774,758,1,16
CCCCN1C(=O)c2cc(Oc3ccc(C(C)(C)C)cc3)c3c4c(Oc5ccc(C(C)(C)C)cc5)c(Oc5ccc(C(C)(C)C)cc5)c5c6c(cc(Oc7ccc(C(C)(C)C)cc7)c(c7c(Oc8ccc(C(C)(C)C)cc8)c(Oc8ccc(C(C)(C)C)cc8)c(c2c37)C1=O)c64)C(=O)N(CCCC)C5=O,ClC(Cl)Cl,610,570,1,40
CN(C)c1ccc(C2=Cc3c4ccccc4c4ccccc4[n+]3[B-](F)(F)O2)cc1,ClC(Cl)Cl,521,483,1,38
CCCCCCCCC1(CCCCCCCC)c2cc(C#Cc3ccc(N(c4ccccc4)c4ccccc4)cc3)ccc2-c2ccc(C=O)cc21,ClC(Cl)Cl,517,386,1,131
CCCCCCCCCCCCOc1cc2c3cc(OCCCCCCCCCCCC)c(OCCCCCCCCCCCC)cc3c3c(cc(OCCCCCCCCCCCC)c4nc5cc(C#Cc6ccc(OCCC(C)CCCC(C)C)cc6)c(C#Cc6ccc(OCCC(C)CCCC(C)C)cc6)cc5nc43)c2cc1OCCCCCCCCCCCC,ClC(Cl)Cl,660,485,1,175
C(#Cc1ccc(-n2c3ccccc3c3ccccc32)cc1)c1ccccc1,ClC(Cl)Cl,379,326,1,53
Cc1ccc(C2=C3C=CC4=[N+]3[P-](=O)(=O)n3c2ccc3-c2ccc([nH]2)/C(c2ccc(C)cc2)=c2/cc/c(o2)=C(\c2ccc(C)cc2)c2ccc4[nH]2)cc1,ClC(Cl)Cl,714,708,1,6
c1ccc2c(-n3c4ccccc4c4ccccc43)cccc2c1,ClC(Cl)Cl,395,324,1,71
COc1ccc(-c2cc3c(s2)=CC2=C(C(F)(F)F)c4cc5sc(-c6ccc(OC)cc6)cc5n4[B-](F)(F)[N+]=32)cc1,ClC(Cl)Cl,754,731,1,23
CCCCC(CC)Cn1c2ccccc2c2cc(-c3ccc4c(c3)S(=O)(=O)c3cc(-c5ccc6c(c5)c5ccccc5n6CC(CC)CCCC)ccc3-4)ccc21,ClC(Cl)Cl,458,382,1,76
CC1(C)CCc2c(c3ccccc3c3nc4ccccc4nc23)O1,ClC(Cl)Cl,490.9180167,437.0629371,1,53.8550796
c1ccc(-c2nc(-c3ccc(N4CCCC4)cc3)cc(-c3ccc4ccccc4c3)n2)cc1,ClC(Cl)Cl,498,430,1,68
CC(C)(C)c1ccc(Oc2cc3c4c(cc(Oc5ccc(C(C)(C)C)cc5)c5c6c(Oc7ccc(C(C)(C)C)cc7)cc7c8c(cc(Oc9ccc(C(C)(C)C)cc9)c(c2c45)c86)C(=O)N(Cc2ccccc2)C7=O)C(=O)N(Cc2ccccc2)C3=O)cc1,ClC(Cl)Cl,617,581,1,36
CCCCCCCCC1(CCCCCCCC)c2cc(C#CC#Cc3ccc(N(c4ccccc4)c4ccccc4)cc3)ccc2-c2ccc(C=O)cc21,ClC(Cl)Cl,500,375,1,125
CN(C)c1ccc(C2=Cc3ccc4ccccc4[n+]3[B-](F)(F)O2)cc1,ClC(Cl)Cl,521,477,1,44
COC(=O)c1ccc(-c2ccc(-c3nnc(-c4ccc(-c5nnc(-c6ccc(-c7ccc(C(=O)OC)cc7)s6)o5)cc4)o3)s2)cc1,ClC(Cl)Cl,397,345,1,52
CN(C)c1ccc2nc(-c3ccc(C(=O)OC(C)(C)C)cc3)sc2c1,ClC(Cl)Cl,487,392,1,95
CN(C)c1ccc(/C=C/c2cc[n+](CCCCC[n+]3ccc(/C=C/c4ccc(N(C)C)cc4)cc3)cc2)cc1,ClC(Cl)Cl,574.0000918,494.0003656,1,79.9997262
CN(C)c1[se]c(-c2ccc(Cl)cc2)nc1-c1ccccc1,ClC(Cl)Cl,455,360,1,95
CCN(CC)c1ccc2cc(-c3cn4cc5ccccc5cc4n3)c(=O)oc2c1,ClC(Cl)Cl,460,434,1,26