Unnamed: 0,POLYMER SMILES,Egb
0,<polymer_spg>[*:1]CC([*:2])C;2->1,7.6997
1,<polymer_spg>[*:1]CC([*:2])CC;2->1,7.9012
2,<polymer_spg>[*:1]CC([*:2])CCC;2->1,7.2705
3,<polymer_spg>[*:1]CC1CCC([*:2])C1;2->1,7.9703
4,<polymer_spg>[*:1]CC([*:2])CCCC1CCCCC1;2->1,7.5725
5,<polymer_spg>[*:1]C([*:2])C;2->1,7.4047
6,<polymer_spg>[*:1]C=C[*:2];2->1,0.9567
7,<polymer_spg>[*:1]C=CCCCC[*:2];2->1,5.7962
8,<polymer_spg>[*:1]C1CCC1[*:2];2->1,6.5419
9,<polymer_spg>[*:1]CC1([*:2])CCCCC1;2->1,7.3387
10,<polymer_spg>[*:1]CC([*:2])c1ccc(C(=O)OCC(C)C)cc1;2->1,4.8032
11,<polymer_spg>[*:1]CC([*:2])O;2->1,7.5488
12,<polymer_spg>[*:1]CC([*:2])C#N;2->1,7.4435
13,<polymer_spg>[*:1]CC([*:2])(C)C#N;2->1,7.1863
14,<polymer_spg>[*:1]CC([*:2])OC(C)=O;2->1,5.9373
15,<polymer_spg>[*:1]CC([*:2])CCc1ccc(C)cc1;2->1,4.5772
16,<polymer_spg>[*:1]C(C)C([*:2])O;2->1,7.9156
17,<polymer_spg>[*:1]C(F)C([*:2])(F)OC(F)(F)F;2->1,7.802
18,<polymer_spg>[*:1]CC([*:2])C(=O)c1ccc(CC)cc1;2->1,3.9853
19,<polymer_spg>[*:1]CC([*:2])OC(=O)C(F)(F)C(F)(F)C(F)(F)F;2->1,6.0228
20,<polymer_spg>[*:1]CC([*:2])OC(=O)CC1CCCC1;2->1,6.4741
21,<polymer_spg>[*:1]CC([*:2])N1CCCC1=O;2->1,5.5902
22,<polymer_spg>[*:1]CC([*:2])C(=O)O;2->1,6.1071
23,<polymer_spg>[*:1]CC([*:2])C(=O)OC(C)C;2->1,6.455
24,<polymer_spg>[*:1]CC([*:2])C(=O)OCC(F)(F)C(F)(F)C(F)(F)C(F)(F)F;2->1,6.4578
25,<polymer_spg>[*:1]CC([*:2])C(=O)OCC(F)(F)C(F)(F)C(F)(F)C(F)(F)C(F)(F)C(F)(F)C(F)(F)F;2->1,5.7185
26,<polymer_spg>[*:1]CC([*:2])(C)C(=O)OCC;2->1,6.2424
27,<polymer_spg>[*:1]CC([*:2])(C)C(=O)Oc1ccccc1;2->1,4.8118
28,<polymer_spg>[*:1]CC([*:2])(C)C(=O)OCCc1ccccc1;2->1,4.9946
29,<polymer_spg>[*:1]CC([*:2])(C)C(=O)OCC(F)(F)C(F)F;2->1,5.3983
30,<polymer_spg>[*:1]CC([*:2])(C)C(=O)OC(C(F)(F)F)C(F)(F)F;2->1,5.3218
31,<polymer_spg>[*:1]CC([*:2])(C)C(=O)OC(F)(C(F)(F)F)C(F)(F)F;2->1,6.1125
32,<polymer_spg>[*:1]CC([*:2])(C)C(=O)OCCOCC;2->1,5.9514
33,<polymer_spg>[*:1]CC([*:2])C(N)=O;2->1,6.3764
34,<polymer_spg>[*:1]CC([*:2])C(=O)OC(CC)CC;2->1,6.2722
35,<polymer_spg>[*:1]CC([*:2])C(=O)OCF;2->1,6.1736
36,<polymer_spg>[*:1]CC([*:2])C(=O)OCCCCSC;2->1,5.1007
37,<polymer_spg>[*:1]CC([*:2])C(=O)OCCCSCC;2->1,5.1212
38,<polymer_spg>[*:1]CC([*:2])C(=O)OCCSCCCC#N;2->1,5.1226
39,<polymer_spg>[*:1]CC([*:2])(C)C(=O)OCCC#N;2->1,6.2508
40,<polymer_spg>[*:1]CC([*:2])C(=O)OCC(F)(F)C(F)(F)OC(F)(F)C(F)(F)C(F)(F)C(F)(F)F;2->1,6.0236
41,<polymer_spg>[*:1]CC([*:2])(C#N)C(=O)OCC;2->1,6.1989
42,<polymer_spg>[*:1]CCC(C(=O)OC)C([*:2])C(=O)OC;2->1,6.3252
43,<polymer_spg>[*:1]CC([*:2])(C#N)C(=O)OC(C)C;2->1,5.8301
44,<polymer_spg>[*:1]C1C(=O)OC(=O)C1[*:2];2->1,6.0081
45,<polymer_spg>[*:1]CC([*:2])F;2->1,8.3099
46,<polymer_spg>[*:1]C(F)C([*:2])(F)F;2->1,6.8451
47,<polymer_spg>[*:1]CCC(F)(F)C([*:2])(F)Cl;2->1,7.4828
48,<polymer_spg>[*:1]CCC(F)(F)C([*:2])(F)F;2->1,9.1316
49,<polymer_spg>[*:1]C(F)(F)C1(F)C(F)(F)C([*:2])(F)C(F)(F)C1(F)F;2->1,6.9544
50,<polymer_spg>[*:1]CCC(Cl)C([*:2])Cl;2->1,6.4523
51,<polymer_spg>[*:1]C=CC(C[*:2])(C(F)(F)F)C(F)(F)F;2->1,5.7329
52,<polymer_spg>[*:1]C=CC(C[*:2])CCC;2->1,5.7469
53,<polymer_spg>[*:1]C1C=CC([*:2])CC1;2->1,5.4843
54,<polymer_spg>[*:1]C=CC(C)C([*:2])C(=O)OCCCC;2->1,5.4974
55,<polymer_spg>[*:1]CO[*:2];2->1,8.7732
56,<polymer_spg>[*:1]OC([*:2])CCC#N;2->1,6.9611
57,<polymer_spg>[*:1]CCO[*:2];2->1,6.2206
58,<polymer_spg>[*:1]CC(C)O[*:2];2->1,6.9903
59,<polymer_spg>[*:1]CC(O[*:2])C(F)(F)F;2->1,7.4158
60,<polymer_spg>[*:1]OC(F)(F)C([*:2])(F)F;2->1,10.1137
61,<polymer_spg>[*:1]CCCO[*:2];2->1,7.4889
62,<polymer_spg>[*:1]Oc1ccc(Cc2ccc([*:2])cc2)cc1;2->1,4.3787
63,<polymer_spg>[*:1]CCCCCOCO[*:2];2->1,6.8354
64,<polymer_spg>[*:1]Oc1ccc(SSCCCCCCCCCCSSc2ccc([*:2])cc2)cc1;2->1,4.2235
65,<polymer_spg>[*:1]OC(F)(F)C(F)(F)C(F)(F)C([*:2])(F)F;2->1,8.7307
66,<polymer_spg>[*:1]CC(C)CO[*:2];2->1,7.3501
67,<polymer_spg>[*:1]CCOC(=O)NCCOCCOCCNC(=O)O[*:2];2->1,6.4585
68,<polymer_spg>[*:1]CC1CC1CO[*:2];2->1,6.9566
69,<polymer_spg>[*:1]CCOCCOCCOC(=O)CCCCCC(=O)O[*:2];2->1,5.5157
70,<polymer_spg>[*:1]CCOCCOCCOC(=O)CCCCCCC(=O)O[*:2];2->1,6.184
71,<polymer_spg>[*:1]CCOCCOC(=O)CCCCS(=O)(=O)CCCCC(=O)O[*:2];2->1,5.7504
72,<polymer_spg>[*:1]ON(C(F)(F)F)C(F)(C([*:2])(F)F)C(F)(F)F;2->1,7.0955
73,<polymer_spg>[*:1]C1(F)OC(C(F)(F)F)(C(F)(F)Cl)OC1([*:2])F;2->1,7.8208
74,<polymer_spg>[*:1]C1OC(C(F)(F)F)(C(F)(F)F)OC1([*:2])F;2->1,8.0982
75,<polymer_spg>[*:1]CS[*:2];2->1,4.8805
76,<polymer_spg>[*:1]CCCCCS[*:2];2->1,4.989
77,<polymer_spg>[*:1]CCCCSCCS[*:2];2->1,4.9438
78,<polymer_spg>[*:1]CCCCCCSCCS[*:2];2->1,5.0604
79,<polymer_spg>[*:1]CCCCCCSSCCCCSS[*:2];2->1,4.2836
80,<polymer_spg>[*:1]CCCCCCCCCCSCCCCCCS[*:2];2->1,5.52
81,<polymer_spg>[*:1]CCOC(=O)NCCSCCCCSCCNC(=O)O[*:2];2->1,5.1094
82,<polymer_spg>[*:1]CCCCCCOC(=O)NCCSCCSCCNC(=O)O[*:2];2->1,4.7777
83,<polymer_spg>[*:1]CCCCCCOC(=O)NCCSCCCCCSCCNC(=O)O[*:2];2->1,5.1327
84,<polymer_spg>[*:1]SC1CCCC([*:2])C1;2->1,5.2199
85,<polymer_spg>[*:1]CC1CCC(COC(=O)NCCSCCCSCCNC(=O)O[*:2])CC1;2->1,5.0712
86,<polymer_spg>[*:1]CC1CCC(COC(=O)NCCSCCCCCSCCNC(=O)O[*:2])CC1;2->1,5.4414
87,<polymer_spg>[*:1]Sc1ccc([*:2])cc1;2->1,3.1848
88,<polymer_spg>[*:1]CCc1ccc(Cc2ccc(CCS[*:2])cc2)cc1;2->1,4.3552
89,<polymer_spg>[*:1]CCCC1CCN(C(=O)SSCCCCSSC(=O)N2CCC([*:2])CC2)CC1;2->1,4.297
90,<polymer_spg>[*:1]CCCCCCCCCCOC(=O)CCC(=O)O[*:2];2->1,6.6201
91,<polymer_spg>[*:1]CCOC(=O)CCCCC(=O)O[*:2];2->1,6.7769
92,<polymer_spg>[*:1]CCCCCCCCCCOC(=O)CCCCC(=O)O[*:2];2->1,6.718
93,<polymer_spg>[*:1]CCOC(=O)CCCCCCC(=O)O[*:2];2->1,6.8383
94,<polymer_spg>[*:1]CCCOC(=O)CCCCCCC(=O)O[*:2];2->1,6.4907
95,<polymer_spg>[*:1]CCOC(=O)c1ccc(C(=O)O[*:2])cc1;2->1,3.8637
96,<polymer_spg>[*:1]CCCCOC(=O)c1ccc(C(=O)O[*:2])cc1;2->1,4.0149
97,<polymer_spg>[*:1]CCCCCC(=O)S[*:2];2->1,5.0001
98,<polymer_spg>[*:1]CC(=O)O[*:2];2->1,6.5712
99,<polymer_spg>[*:1]CCCCCC(=O)O[*:2];2->1,7.0558
100,<polymer_spg>[*:1]CCCCCCCCCCCC(=O)O[*:2];2->1,6.8377
101,<polymer_spg>[*:1]CCCCCCCCCCOC(=O)CCCCCCCCCCCCCCCCC(=O)O[*:2];2->1,6.0542
102,<polymer_spg>[*:1]CC(C)C(C)COC(=O)c1ccc(C(=O)O[*:2])cc1;2->1,4.2335
103,<polymer_spg>[*:1]CC(CCC)C(CCC)COC(=O)c1ccc(C(=O)O[*:2])cc1;2->1,4.4708
104,<polymer_spg>[*:1]CCC(=O)O[*:2];2->1,6.684
105,<polymer_spg>[*:1]CC(C)C(=O)O[*:2];2->1,6.5897
106,<polymer_spg>[*:1]CCCOC(=O)CCCCCCCCCCC(=O)O[*:2];2->1,6.3683
107,<polymer_spg>[*:1]OC(c1ccc(OC)cc1)C(C)(C)C([*:2])=O;2->1,4.5832
108,<polymer_spg>[*:1]CC1CCC(COC(=O)C2CCC(C(=O)O[*:2])CC2)CC1;2->1,6.4924
109,<polymer_spg>[*:1]CC1CC1COC(=O)c1cccc(C(=O)O[*:2])c1;2->1,4.4908
110,<polymer_spg>[*:1]OC(C)COC(=O)CCCCC([*:2])=O;2->1,6.5974
111,<polymer_spg>[*:1]CCOC(=O)C1CCC(C(=O)O[*:2])CC1;2->1,6.4481
112,<polymer_spg>[*:1]Oc1ccc(CC([*:2])=O)cc1;2->1,4.6878
113,<polymer_spg>[*:1]CC(CCl)(CCl)C(=O)O[*:2];2->1,6.1969
114,<polymer_spg>[*:1]CC(F)(F)C(F)(F)C(F)(F)COC(=O)CCCCC(=O)O[*:2];2->1,6.2672
115,<polymer_spg>[*:1]CC(C)(C)COC(=O)CCCCC(=O)O[*:2];2->1,6.5878
116,<polymer_spg>[*:1]OC(C)CCOC(=O)CCCCS(=O)(=O)CCCCC([*:2])=O;2->1,6.2709
117,<polymer_spg>[*:1]CC(F)(F)C(F)(F)C(F)(F)COC(=O)CCCC(=O)O[*:2];2->1,5.7563
118,<polymer_spg>[*:1]CCCCOC(=O)C1CCC(C(=O)O[*:2])CC1;2->1,6.5835
119,<polymer_spg>[*:1]OC(C)COC(=O)CCCCS(=O)(=O)CCCCC([*:2])=O;2->1,6.4017
120,<polymer_spg>[*:1]Cc1ccc(C(=O)O[*:2])cc1;2->1,3.7934
121,<polymer_spg>[*:1]CCC(=O)N[*:2];2->1,6.2028
122,<polymer_spg>[*:1]CCCCCCNC(=O)CCCCCCCCCCC(=O)N[*:2];2->1,6.3994
123,<polymer_spg>[*:1]CCCCCCC(=O)N[*:2];2->1,5.9361
124,<polymer_spg>[*:1]CC1CCC(CNC(=O)c2cc(C(=O)N[*:2])cc(C(C)(C)C)c2)CC1;2->1,5.1615
125,<polymer_spg>[*:1]CCC(C)C(C)CCNC(=O)c1cccc(C(=O)N[*:2])c1;2->1,4.7199
126,<polymer_spg>[*:1]CC(=O)N[*:2];2->1,5.7289
127,<polymer_spg>[*:1]Nc1cccc(C([*:2])=O)c1;2->1,3.2399
128,<polymer_spg>[*:1]Cc1ccc(C(=O)N[*:2])cc1;2->1,4.2448
129,<polymer_spg>[*:1]CCCCCCCCCCCNC(=O)c1ccc(C(=O)N[*:2])cc1;2->1,4.214
130,<polymer_spg>[*:1]CC1CCC(CNC(=O)CCCCCC(=O)N[*:2])CC1;2->1,5.2823
131,<polymer_spg>[*:1]CC1CC1CNC(=O)C1CC1C(=O)N[*:2];2->1,5.6374
132,<polymer_spg>[*:1]NC(C)C(=O)NCC(=O)NCC(=O)NCC([*:2])=O;2->1,5.4756
133,<polymer_spg>[*:1]C(=O)c1ccc(C(=O)N2CCN([*:2])CC2)cc1;2->1,4.7036
134,<polymer_spg>[*:1]NC(C)C(=O)NC(C)C(=O)NC(C(=O)NC(C([*:2])=O)C(C)C)C(C)C;2->1,5.8867
135,<polymer_spg>[*:1]NC1CCCC1C([*:2])=O;2->1,6.4002
136,<polymer_spg>[*:1]NNC(=O)C(=O)NNC(=O)CCCCCCCC([*:2])=O;2->1,3.7266
137,<polymer_spg>[*:1]CCCCCNC(=O)C(CCCCCCCCCCCC)C(=O)N[*:2];2->1,6.2733
138,<polymer_spg>[*:1]CCCNC(=O)CCCCCCCC(=O)NCCCNC(=O)C(=O)N[*:2];2->1,4.6809
139,<polymer_spg>[*:1]Nc1ccc(-c2ccc(NC(=O)c3cc(C([*:2])=O)cc(S(=O)(=O)c4ccccc4)c3)cc2)cc1;2->1,2.4795
140,<polymer_spg>[*:1]CCOC(=O)NCCCCCCCCCCNC(=O)O[*:2];2->1,6.6421
141,<polymer_spg>[*:1]CCCCCCOC(=O)NCCCNC(=O)O[*:2];2->1,6.5954
142,<polymer_spg>[*:1]CC(F)(F)C(F)(F)C(F)(F)COC(=O)NCC(F)(F)C(F)(F)C(F)(F)C(F)(F)CNC(=O)O[*:2];2->1,6.4326
143,<polymer_spg>[*:1]CCCCCOC(=O)Nc1ccc(C)c(NC(=O)O[*:2])c1;2->1,4.5288
144,<polymer_spg>[*:1]CC1CC1COC(=O)Nc1ccc(C)c(NC(=O)O[*:2])c1;2->1,4.7181
145,<polymer_spg>[*:1]C(=O)OCC(C)(C)COC(=O)N1CCN([*:2])CC1;2->1,6.4401
146,<polymer_spg>[*:1]CC(C)(C)COC(=O)Nc1ccc(NC(=O)O[*:2])cc1;2->1,4.4894
147,<polymer_spg>[*:1]C(=O)OCCCCOC(=O)N1CCN([*:2])CC1;2->1,6.4265
148,<polymer_spg>[*:1]CCOC(=O)Nc1ccc(C(C)(C)c2ccc(NC(=O)O[*:2])cc2)cc1;2->1,4.3346
149,<polymer_spg>[*:1]C(=O)OC1CCC(OC(=O)N2CCN([*:2])CC2)CC1;2->1,6.2573
150,<polymer_spg>[*:1]CCCCCOC(=O)NC(=O)C1CC1C(=O)NC(=O)O[*:2];2->1,5.4301
151,<polymer_spg>[*:1]c1ccc(Sc2ccc(-n3c(=O)c4cc5c(=O)n([*:2])c(=O)c5cc4c3=O)cc2)cc1;2->1,2.3234
152,<polymer_spg>[*:1]OC(=O)c1ccc(C([*:2])=O)cc1;2->1,3.1295
153,<polymer_spg>[*:1]OC(=O)CCCCCCCCCCCCC([*:2])=O;2->1,5.2681
154,<polymer_spg>[*:1]OC1C(C)(C)C(OC([*:2])=O)C1(C)C;2->1,6.9495
155,<polymer_spg>[*:1]CCCCCOC(=O)O[*:2];2->1,7.123
156,<polymer_spg>[*:1]Oc1ccc(OC([*:2])=O)cc1;2->1,4.3251
157,<polymer_spg>[*:1]c1cccc(-c2nc3cc4nc([*:2])c(-c5ccccc5)nc4cc3nc2-c2ccccc2)c1;2->1,1.9959
158,<polymer_spg>[*:1]CCCN[*:2];2->1,6.381
159,<polymer_spg>[*:1]Oc1ccc(C(=O)c2ccc([*:2])cc2)cc1;2->1,3.1383
160,<polymer_spg>[*:1]CCc1ccc(-c2ccc([*:2])cc2)cc1;2->1,3.7492
161,<polymer_spg>[*:1]CCC1CC([*:2])C2CCCC12;2->1,7.4997
162,<polymer_spg>[*:1]C1C2CC(C)C(C2)C1[*:2];2->1,6.7713
163,<polymer_spg>[*:1]CCC1CC([*:2])C2C3CC(CC)C(C3)C12;2->1,7.528
164,<polymer_spg>[*:1]CCC1CCC([*:2])C1;2->1,7.9915
165,<polymer_spg>[*:1]CC([*:2])OC(=O)OCC(F)(F)F;2->1,7.9003
166,<polymer_spg>[*:1]C=C([*:2])C#N;2->1,0.5068
167,<polymer_spg>[*:1]C=C([*:2])F;2->1,0.3906
168,<polymer_spg>[*:1]CCCC([*:2])C#N;2->1,7.4859
169,<polymer_spg>[*:1]CC([*:2])(Cl)C#N;2->1,5.8652
170,<polymer_spg>[*:1]C=CC(C)(C)CC(C#N)C[*:2];2->1,5.2738
171,<polymer_spg>[*:1]CC([*:2])CO;2->1,7.4192
172,<polymer_spg>[*:1]C#CC(=C([*:2])c1cnc2ccccc2c1)c1cnc2ccccc2c1;2->1,0.5725
173,<polymer_spg>[*:1]C=CC1CC([*:2])C(C#N)(CC)C1;2->1,5.5315
174,<polymer_spg>[*:1]C=CC1CC([*:2])C(C#N)(CCC)C1;2->1,5.8705
175,<polymer_spg>[*:1]C=CC1CC([*:2])C(C(=O)OCCNC(C)(C)C)C1;2->1,4.7904
176,<polymer_spg>[*:1]CC(OCC)C(C#N)(C#N)C([*:2])(C#N)C(=O)OC;2->1,5.4071
177,<polymer_spg>[*:1]CC([*:2])C(=O)NCCO;2->1,5.7124
178,<polymer_spg>[*:1]CC([*:2])(C)C(=O)OC1(C)CCOC(=O)C1;2->1,5.9976
179,<polymer_spg>[*:1]CC([*:2])(C)C(=O)OCCC1CCCCC1;2->1,6.5993
180,<polymer_spg>[*:1]C1C2CC(C(=O)NCC(O)C(O)C(OC3OC(CO)C(O)C(O)C3O)C(O)CO)C(C2)C1[*:2];2->1,5.6407
181,<polymer_spg>[*:1]CC([*:2])C(=O)Nc1ccccc1Cl;2->1,4.2427
182,<polymer_spg>[*:1]CC([*:2])(C)C(=O)OCC(=O)N1CCCC1;2->1,5.3385
183,<polymer_spg>[*:1]CCCCCCC(Cl)C([*:2])Cl;2->1,6.7965
184,<polymer_spg>[*:1]C(F)(F)C1(F)C(F)(F)C([*:2])(F)C(F)(F)C(F)(F)C(F)(F)C1(F)F;2->1,7.543
185,<polymer_spg>[*:1]CCCCCCCCC([*:2])Cl;2->1,6.86
186,<polymer_spg>[*:1]C1C=C(C([*:2])(C)C)C2CC=CCC12;2->1,4.8262
187,<polymer_spg>[*:1]C=CC1CC([*:2])C2CC=CC12;2->1,5.6741
188,<polymer_spg>[*:1]c1ccc2c(c1)C(CC(CC)CCCC)(CC(CC)CCCC)c1cc([*:2])ccc1-2;2->1,2.85
189,<polymer_spg>[*:1]C=CC1CC([*:2])C2C3CCC(C3)C12;2->1,5.7656
190,<polymer_spg>[*:1]OC1C(CO)OC([*:2])C(O)C1O;2->1,7.4757
191,<polymer_spg>[*:1]ON(C(F)(F)F)C(F)(Cl)C([*:2])(F)F;2->1,6.6835
192,<polymer_spg>[*:1]OC(F)(F)C(F)(F)C([*:2])(F)F;2->1,9.1214
193,<polymer_spg>[*:1]Cc1ccc(CO[*:2])cc1;2->1,4.8019
194,<polymer_spg>[*:1]CCOCCOC(=O)O[*:2];2->1,6.6617
195,<polymer_spg>[*:1]OC(=O)OC1COC2C([*:2])COC12;2->1,6.6786
196,<polymer_spg>[*:1]CCC(O[*:2])(C(F)(F)F)C(F)(F)F;2->1,8.3878
197,<polymer_spg>[*:1]OC(=O)OCCCCCCCCCCOC(=O)OC1COC2C([*:2])COC12;2->1,6.1689
198,<polymer_spg>[*:1]OC(=O)OCCOCCOC(=O)OC1COC2C([*:2])COC12;2->1,6.5378
199,<polymer_spg>[*:1]c1ccc(-c2ccc(-c3ccc(-c4ccc([*:2])n4CCCCCCCCCCCC)s3)s2)s1;2->1,2.1442
200,<polymer_spg>[*:1]c1cccc(-c2ccc(-c3ccc([*:2])s3)s2)n1;2->1,2.0464
201,<polymer_spg>[*:1]c1cc(C#N)c([*:2])s1;2->1,1.0894
202,<polymer_spg>[*:1]C=c1ccc(=c2ccc(=Cc3ccc([*:2])s3)s2)s1;2->1,1.224
203,<polymer_spg>[*:1]c1cc2c(s1)-c1sc([*:2])cc1C2CCCCCCN;2->1,1.3223
204,<polymer_spg>[*:1]c1cc(-c2sc(-c3cc(C)c([*:2])s3)cc2C)c2cccccc1-2;2->1,1.3327
205,<polymer_spg>[*:1]CCCCCOC(=O)CC(=O)O[*:2];2->1,6.4679
206,<polymer_spg>[*:1]OC(CC(C)C)C([*:2])=O;2->1,5.8529
207,<polymer_spg>[*:1]Oc1ccc(C2(c3ccc(OC(=O)c4cccc(C([*:2])=O)c4)c(C)c3)c3ccccc3-c3ccccc32)cc1C;2->1,3.0176
208,<polymer_spg>[*:1]OC(CC([*:2])=O)C1CO1;2->1,6.1493
209,<polymer_spg>[*:1]Oc1ccc(-c2ccc(C([*:2])=O)cc2)cc1;2->1,3.0847
210,<polymer_spg>[*:1]OC(CCCCCCC=C)CC([*:2])=O;2->1,5.5852
211,<polymer_spg>[*:1]CCC(C)CC(=O)O[*:2];2->1,6.7489
212,<polymer_spg>[*:1]Oc1ccc(OC(=O)c2ccc(C([*:2])=O)cc2)cc1C1CCCCCCC1;2->1,3.1917
213,<polymer_spg>[*:1]CCOC(=O)C1C2C=CC(C2)C1C(=O)O[*:2];2->1,5.3661
214,<polymer_spg>[*:1]Nc1ccc(Cc2ccc(NC(=O)c3cc(C([*:2])=O)cc(N4C(=O)C=CC4=O)c3)cc2)cc1;2->1,2.0738
215,<polymer_spg>[*:1]Nc1ccc(Br)cc1-c1ccc(NC(=O)c2ccc(C([*:2])=O)cc2)cc1;2->1,2.9894
216,<polymer_spg>[*:1]Nc1ccc(NC(=O)c2cc(NC(=O)c3ccncc3)cc(C([*:2])=O)c2)cc1;2->1,2.9949
217,<polymer_spg>[*:1]CCCCCNC(=S)N[*:2];2->1,4.3365
218,<polymer_spg>[*:1]C=CC1CC([*:2])C2C(=O)N(CCCCCCCCC)C(=O)C12;2->1,5.104
219,<polymer_spg>[*:1]Oc1c(Cl)cc(C2(c3cc(Cl)c(OC([*:2])=O)c(Cl)c3)CC3CCC2C3)cc1Cl;2->1,4.6838
220,<polymer_spg>[*:1]OC1CCC(OC(=O)OCCCCCOC([*:2])=O)CC1;2->1,6.0614
221,<polymer_spg>[*:1]OC1CCC(OC(=O)OCCCCCCOC([*:2])=O)CC1;2->1,7.0127
222,<polymer_spg>[*:1]Oc1ccc(C(CC)c2ccc(OC([*:2])=O)cc2)cc1;2->1,4.7325
223,<polymer_spg>[*:1]Nc1ccc([*:2])cc1;2->1,2.3603
224,<polymer_spg>[*:1]c1cccc([*:2])n1;2->1,2.9424
225,<polymer_spg>[*:1]C=Cc1ccc([*:2])n1CCCCCC;2->1,1.3683
226,<polymer_spg>[*:1]c1ccc([*:2])n1CCC(=O)OC(C)C(=O)OCC;2->1,2.05
227,<polymer_spg>[*:1]C(C#N)=C(c1ccccc1)c1ccc([*:2])cc1;2->1,2.5883
228,<polymer_spg>[*:1]CC([*:2])(F)C(=O)OCCC(F)(F)C(F)(F)C(F)(F)C(F)(F)C(F)(F)C(F)(F)C(F)(F)C(F)(F)F;2->1,5.7714
229,<polymer_spg>[*:1]CC([*:2])(F)C#N;2->1,7.0615
230,<polymer_spg>[*:1]CC([*:2])(F)C(=O)OCC(F)(F)C(F)(F)C(F)(F)F;2->1,6.2862
231,<polymer_spg>[*:1]CC(CC(CC(CC([*:2])c1ccccc1)c1ccccc1)c1ccccc1)c1ccccc1;2->1,4.8255
232,<polymer_spg>[*:1]c1ccc(-c2ccc([*:2])s2)s1;2->1,0.9894
233,<polymer_spg>[*:1]c1ccc2oc(-c3ccc4nc([*:2])oc4c3)nc2c1;2->1,2.5367
234,<polymer_spg>[*:1]Cc1ccc(C[*:2])cc1;2->1,2.5648
235,<polymer_spg>[*:1]CCCOC(=O)CCCCCCCCOC(=O)CCCOC(=O)CCCCCCCCOC([*:2])=O;2->1,6.5329
236,<polymer_spg>[*:1]CC(CC(CC([*:2])c1ccccn1)c1ccccn1)c1ccccn1;2->1,4.5101
237,<polymer_spg>[*:1]C(=S)c1ccc(-c2ccc(-c3ccc([*:2])s3)s2)s1;2->1,0.75
238,<polymer_spg>[*:1]Oc1ccc(-c2ccc(-c3ccc([*:2])s3)s2)s1;2->1,1.8638
239,<polymer_spg>[*:1]C(=S)Oc1ccc(-c2ccc([*:2])s2)s1;2->1,1.9834
240,<polymer_spg>[*:1]Oc1ccc(C(=S)c2ccc([*:2])s2)s1;2->1,2.3041
241,<polymer_spg>[*:1]C(=S)OC(=S)c1ccc([*:2])s1;2->1,1.7517
242,<polymer_spg>[*:1]Oc1ccc(Oc2ccc([*:2])s2)s1;2->1,4.047
243,<polymer_spg>[*:1]OC(=S)Oc1ccc([*:2])s1;2->1,3.0437
244,<polymer_spg>[*:1]c1ccc(-c2ccc(-c3ccc(-c4ccc([*:2])s4)s3)s2)cc1;2->1,1.1128
245,<polymer_spg>[*:1]Oc1ccc(-c2ccc(-c3ccc([*:2])cc3)s2)s1;2->1,1.9403
246,<polymer_spg>[*:1]c1ccc(-c2ccc(-c3ccc(-c4ccc([*:2])s4)cc3)s2)cc1;2->1,2.0606
247,<polymer_spg>[*:1]C(=S)c1ccc(-c2ccc(-c3ccc([*:2])cc3)s2)cc1;2->1,1.8996
248,<polymer_spg>[*:1]Oc1ccc(-c2ccc(-c3ccc([*:2])cc3)s2)cc1;2->1,2.1724
249,<polymer_spg>[*:1]c1ccc(-c2ccc(C(=S)c3ccc([*:2])s3)s2)cc1;2->1,1.0659
250,<polymer_spg>[*:1]c1ccc(-c2ccc(Oc3ccc([*:2])s3)s2)cc1;2->1,2.1882
251,<polymer_spg>[*:1]C(=S)Oc1ccc(-c2ccc([*:2])cc2)s1;2->1,2.3094
252,<polymer_spg>[*:1]Oc1ccc(-c2ccc(-c3ccc([*:2])cc3)cc2)s1;2->1,2.397
253,<polymer_spg>[*:1]c1ccc(-c2ccc(-c3ccc(-c4ccc([*:2])s4)cc3)cc2)cc1;2->1,1.8601
254,<polymer_spg>[*:1]c1ccc(-c2ccc(-c3ccc(-c4ccc([*:2])cc4)cc3)cc2)cc1;2->1,2.5835
255,<polymer_spg>[*:1]C(=S)c1ccc(-c2ccc(-c3ccc([*:2])cc3)cc2)cc1;2->1,1.6353
256,<polymer_spg>[*:1]Oc1ccc(-c2ccc(-c3ccc([*:2])cc3)cc2)cc1;2->1,3.3861
257,<polymer_spg>[*:1]OC(=S)c1ccc(-c2ccc([*:2])cc2)cc1;2->1,2.8665
258,<polymer_spg>[*:1]C(=S)c1ccc(C(=S)c2ccc([*:2])cc2)s1;2->1,1.1979
259,<polymer_spg>[*:1]Oc1ccc(C(=S)c2ccc([*:2])cc2)s1;2->1,2.4038
260,<polymer_spg>[*:1]C(=S)c1ccc(C(=S)c2ccc([*:2])cc2)cc1;2->1,1.8035
261,<polymer_spg>[*:1]Oc1ccc(C(=S)c2ccc([*:2])cc2)cc1;2->1,1.7412
262,<polymer_spg>[*:1]C(=S)OC(=S)c1ccc([*:2])cc1;2->1,2.364
263,<polymer_spg>[*:1]Oc1ccc(Oc2ccc([*:2])cc2)s1;2->1,4.0372
264,<polymer_spg>[*:1]Oc1ccc(Oc2ccc([*:2])cc2)cc1;2->1,3.6966
265,<polymer_spg>[*:1]c1ccc(OC(=S)c2ccc([*:2])s2)cc1;2->1,2.0472
266,<polymer_spg>[*:1]OC(=S)Oc1ccc([*:2])cc1;2->1,3.9415
267,<polymer_spg>[*:1]Cc1ccc(-c2ccc(-c3ccc([*:2])s3)s2)s1;2->1,2.1001
268,<polymer_spg>[*:1]Cc1ccc(-c2ccc(C([*:2])=S)s2)s1;2->1,1.7203
269,<polymer_spg>[*:1]Cc1ccc(-c2ccc(O[*:2])s2)s1;2->1,2.9968
270,<polymer_spg>[*:1]Cc1ccc(-c2ccc(-c3ccc([*:2])s3)cc2)s1;2->1,2.512
271,<polymer_spg>[*:1]Cc1ccc(-c2ccc(C([*:2])=S)cc2)s1;2->1,1.9959
272,<polymer_spg>[*:1]Cc1ccc(-c2ccc(O[*:2])cc2)s1;2->1,2.9246
273,<polymer_spg>[*:1]Cc1ccc(Cc2ccc([*:2])s2)s1;2->1,4.1954
274,<polymer_spg>[*:1]Cc1ccc(CC([*:2])=S)s1;2->1,2.5553
275,<polymer_spg>[*:1]Cc1ccc(C(=O)c2ccc([*:2])s2)s1;2->1,2.7131
276,<polymer_spg>[*:1]Cc1ccc(C(=O)C([*:2])=S)s1;2->1,2.693
277,<polymer_spg>[*:1]Cc1ccc(C(=O)O[*:2])s1;2->1,3.78
278,<polymer_spg>[*:1]Cc1ccc(C(=S)c2ccc([*:2])s2)s1;2->1,2.2961
279,<polymer_spg>[*:1]Cc1ccc(C(=S)O[*:2])s1;2->1,2.676
280,<polymer_spg>[*:1]Cc1ccc(Nc2ccc([*:2])s2)s1;2->1,3.6624
281,<polymer_spg>[*:1]Cc1ccc(NC([*:2])=S)s1;2->1,2.8469
282,<polymer_spg>[*:1]Cc1ccc(NO[*:2])s1;2->1,3.8409
283,<polymer_spg>[*:1]Cc1ccc(Oc2ccc([*:2])s2)s1;2->1,4.26
284,<polymer_spg>[*:1]Cc1ccc(OC([*:2])=S)s1;2->1,3.0541
285,<polymer_spg>[*:1]Cc1ccc(-c2ccc(-c3ccc([*:2])s3)s2)cc1;2->1,2.8214
286,<polymer_spg>[*:1]Cc1ccc(-c2ccc(-c3ccc([*:2])cc3)s2)cc1;2->1,2.7314
287,<polymer_spg>[*:1]Cc1ccc(-c2ccc(C([*:2])=S)s2)cc1;2->1,1.9323
288,<polymer_spg>[*:1]Cc1ccc(-c2ccc(-c3ccc([*:2])s3)cc2)cc1;2->1,2.8951
289,<polymer_spg>[*:1]Cc1ccc(-c2ccc(-c3ccc([*:2])cc3)cc2)cc1;2->1,3.4166
290,<polymer_spg>[*:1]Cc1ccc(-c2ccc(C([*:2])=S)cc2)cc1;2->1,2.5561
291,<polymer_spg>[*:1]Cc1ccc(-c2ccc(O[*:2])cc2)cc1;2->1,3.7323
292,<polymer_spg>[*:1]Cc1ccc(Cc2ccc([*:2])s2)cc1;2->1,4.0831
293,<polymer_spg>[*:1]Cc1ccc(Cc2ccc([*:2])cc2)cc1;2->1,4.2049
294,<polymer_spg>[*:1]Cc1ccc(CC([*:2])=S)cc1;2->1,2.9253
295,<polymer_spg>[*:1]Cc1ccc(C(=O)c2ccc([*:2])s2)cc1;2->1,3.4106
296,<polymer_spg>[*:1]Cc1ccc(C(=O)c2ccc([*:2])cc2)cc1;2->1,3.8451
297,<polymer_spg>[*:1]Cc1ccc(C(=O)C([*:2])=S)cc1;2->1,2.5816
298,<polymer_spg>[*:1]Cc1ccc(C(=S)c2ccc([*:2])s2)cc1;2->1,2.5143
299,<polymer_spg>[*:1]Cc1ccc(C(=S)c2ccc([*:2])cc2)cc1;2->1,2.3058
300,<polymer_spg>[*:1]Cc1ccc(C(=S)O[*:2])cc1;2->1,3.1473
301,<polymer_spg>[*:1]Cc1ccc(Nc2ccc([*:2])s2)cc1;2->1,3.5013
302,<polymer_spg>[*:1]Cc1ccc(Nc2ccc([*:2])cc2)cc1;2->1,3.7655
303,<polymer_spg>[*:1]Cc1ccc(NC([*:2])=S)cc1;2->1,3.5265
304,<polymer_spg>[*:1]Cc1ccc(NO[*:2])cc1;2->1,4.426
305,<polymer_spg>[*:1]Cc1ccc(Oc2ccc([*:2])s2)cc1;2->1,4.0475
306,<polymer_spg>[*:1]Cc1ccc(OC([*:2])=S)cc1;2->1,3.7121
307,<polymer_spg>[*:1]CCc1ccc(-c2ccc([*:2])s2)s1;2->1,2.7315
308,<polymer_spg>[*:1]CCc1ccc(C([*:2])=S)s1;2->1,2.295
309,<polymer_spg>[*:1]CCc1ccc(O[*:2])s1;2->1,4.1608
310,<polymer_spg>[*:1]CCc1ccc(-c2ccc([*:2])s2)cc1;2->1,2.9495
311,<polymer_spg>[*:1]CCc1ccc(C([*:2])=S)cc1;2->1,2.7697
312,<polymer_spg>[*:1]CCc1ccc(O[*:2])cc1;2->1,4.052
313,<polymer_spg>[*:1]CCCc1ccc([*:2])s1;2->1,4.2755
314,<polymer_spg>[*:1]CCCc1ccc([*:2])cc1;2->1,4.7657
315,<polymer_spg>[*:1]CCCC([*:2])=O;2->1,5.13
316,<polymer_spg>[*:1]CCCC([*:2])=S;2->1,2.9464
317,<polymer_spg>[*:1]CCC(=O)c1ccc([*:2])s1;2->1,3.1093
318,<polymer_spg>[*:1]CCC(=O)c1ccc([*:2])cc1;2->1,3.6964
319,<polymer_spg>[*:1]CCC(=O)C([*:2])=S;2->1,1.8131
320,<polymer_spg>[*:1]CCC(=S)O[*:2];2->1,3.8308
321,<polymer_spg>[*:1]CCNc1ccc([*:2])s1;2->1,3.793
322,<polymer_spg>[*:1]CCNc1ccc([*:2])cc1;2->1,3.689
323,<polymer_spg>[*:1]CCNC([*:2])=S;2->1,3.6727
324,<polymer_spg>[*:1]CCON[*:2];2->1,5.7904
325,<polymer_spg>[*:1]CC(=O)c1ccc(-c2ccc([*:2])s2)s1;2->1,2.3893
326,<polymer_spg>[*:1]CC(=O)c1ccc(-c2ccc([*:2])cc2)s1;2->1,2.5123
327,<polymer_spg>[*:1]CC(=O)c1ccc(C([*:2])=O)s1;2->1,2.9786
328,<polymer_spg>[*:1]CC(=O)c1ccc(C([*:2])=S)s1;2->1,2.3542
329,<polymer_spg>[*:1]CC(=O)c1ccc(O[*:2])s1;2->1,3.1722
330,<polymer_spg>[*:1]CC(=O)c1ccc(-c2ccc([*:2])s2)cc1;2->1,2.5243
331,<polymer_spg>[*:1]CC(=O)c1ccc(-c2ccc([*:2])cc2)cc1;2->1,3.0649
332,<polymer_spg>[*:1]CC(=O)c1ccc(C([*:2])=O)cc1;2->1,2.9172
333,<polymer_spg>[*:1]CC(=O)c1ccc(C([*:2])=S)cc1;2->1,2.4669
334,<polymer_spg>[*:1]CC(=O)c1ccc(O[*:2])cc1;2->1,3.8893
335,<polymer_spg>[*:1]CC(=O)Cc1ccc([*:2])s1;2->1,3.7852
336,<polymer_spg>[*:1]CC(=O)Cc1ccc([*:2])cc1;2->1,3.781
337,<polymer_spg>[*:1]CC(=O)CC([*:2])=O;2->1,4.6959
338,<polymer_spg>[*:1]CC(=O)CC([*:2])=S;2->1,3.1252
339,<polymer_spg>[*:1]CC(=O)CO[*:2];2->1,4.6507
340,<polymer_spg>[*:1]CC(=O)C(=S)c1ccc([*:2])s1;2->1,2.1804
341,<polymer_spg>[*:1]CC(=O)C(=S)c1ccc([*:2])cc1;2->1,2.4428
342,<polymer_spg>[*:1]CC(=O)C(=S)C([*:2])=O;2->1,1.4812
343,<polymer_spg>[*:1]CC(=O)C(=S)O[*:2];2->1,2.0217
344,<polymer_spg>[*:1]CC(=O)Nc1ccc([*:2])s1;2->1,3.9328
345,<polymer_spg>[*:1]CC(=O)Nc1ccc([*:2])cc1;2->1,3.7951
346,<polymer_spg>[*:1]CC(=O)NC([*:2])=O;2->1,4.8368
347,<polymer_spg>[*:1]CC(=O)NC([*:2])=S;2->1,3.0348
348,<polymer_spg>[*:1]CC(=O)Oc1ccc([*:2])s1;2->1,4.2025
349,<polymer_spg>[*:1]CC(=O)OC([*:2])=O;2->1,5.9215
350,<polymer_spg>[*:1]CC(=O)OC([*:2])=S;2->1,3.73
351,<polymer_spg>[*:1]CC(=S)c1ccc(C([*:2])=S)s1;2->1,1.6797
352,<polymer_spg>[*:1]CC(=S)c1ccc(O[*:2])s1;2->1,1.6344
353,<polymer_spg>[*:1]CC(=S)c1ccc(C([*:2])=S)cc1;2->1,1.4834
354,<polymer_spg>[*:1]CC(=S)c1ccc(N[*:2])cc1;2->1,2.1148
355,<polymer_spg>[*:1]CC(=S)c1ccc(O[*:2])cc1;2->1,2.3706
356,<polymer_spg>[*:1]CC(=S)CC([*:2])=S;2->1,2.5638
357,<polymer_spg>[*:1]CC(=S)CO[*:2];2->1,2.5314
358,<polymer_spg>[*:1]CC(=S)C(=O)C([*:2])=S;2->1,0.725
359,<polymer_spg>[*:1]CC(=S)C(=O)O[*:2];2->1,2.0697
360,<polymer_spg>[*:1]CC(=S)NC([*:2])=S;2->1,1.7598
361,<polymer_spg>[*:1]CC(=S)NO[*:2];2->1,3.2554
362,<polymer_spg>[*:1]CC(=S)OC([*:2])=S;2->1,2.7744
363,<polymer_spg>[*:1]CNc1ccc(-c2ccc([*:2])cc2)s1;2->1,3.3441
364,<polymer_spg>[*:1]CNc1ccc(C([*:2])=O)s1;2->1,2.5818
365,<polymer_spg>[*:1]CNc1ccc(C([*:2])=S)s1;2->1,1.6806
366,<polymer_spg>[*:1]CNc1ccc(N[*:2])s1;2->1,3.5157
367,<polymer_spg>[*:1]CNc1ccc(O[*:2])s1;2->1,3.6125
368,<polymer_spg>[*:1]CNc1ccc(-c2ccc([*:2])s2)cc1;2->1,3.1255
369,<polymer_spg>[*:1]CNc1ccc(C([*:2])=O)cc1;2->1,3.1969
370,<polymer_spg>[*:1]CNc1ccc(N[*:2])cc1;2->1,3.4981
371,<polymer_spg>[*:1]CNc1ccc(O[*:2])cc1;2->1,3.7495
372,<polymer_spg>[*:1]CNCc1ccc([*:2])s1;2->1,4.1265
373,<polymer_spg>[*:1]CNCc1ccc([*:2])cc1;2->1,4.4323
374,<polymer_spg>[*:1]CNCC([*:2])=O;2->1,3.6121
375,<polymer_spg>[*:1]CNCC([*:2])=S;2->1,2.6614
376,<polymer_spg>[*:1]CNCN[*:2];2->1,6.2293
377,<polymer_spg>[*:1]CNCO[*:2];2->1,6.9282
378,<polymer_spg>[*:1]CNC(=O)c1ccc([*:2])s1;2->1,3.849
379,<polymer_spg>[*:1]CNC(=O)C([*:2])=S;2->1,2.3654
380,<polymer_spg>[*:1]CNC(=S)c1ccc([*:2])s1;2->1,2.7289
381,<polymer_spg>[*:1]CNC(=S)c1ccc([*:2])cc1;2->1,3.1832
382,<polymer_spg>[*:1]CNC(=S)C([*:2])=O;2->1,2.1003
383,<polymer_spg>[*:1]CNC(=S)N[*:2];2->1,3.9125
384,<polymer_spg>[*:1]CNC(=S)O[*:2];2->1,4.2201
385,<polymer_spg>[*:1]CNOc1ccc([*:2])s1;2->1,4.0591
386,<polymer_spg>[*:1]CNOc1ccc([*:2])cc1;2->1,4.1647
387,<polymer_spg>[*:1]CNOC([*:2])=S;2->1,3.5947
388,<polymer_spg>[*:1]CNON[*:2];2->1,4.8889
389,<polymer_spg>[*:1]COc1ccc(-c2ccc([*:2])cc2)s1;2->1,3.0939
390,<polymer_spg>[*:1]COc1ccc(O[*:2])s1;2->1,4.3601
391,<polymer_spg>[*:1]COc1ccc(O[*:2])cc1;2->1,4.685
392,<polymer_spg>[*:1]COC(=O)O[*:2];2->1,7.1042
393,<polymer_spg>[*:1]COC(=S)O[*:2];2->1,3.6556
394,<polymer_spg>[*:1]CONC([*:2])=O;2->1,5.5012
395,<polymer_spg>[*:1]CONO[*:2];2->1,5.9349
396,<polymer_spg>[*:1]C(=O)c1ccc(-c2ccc(-c3ccc([*:2])s3)s2)s1;2->1,1.2608
397,<polymer_spg>[*:1]C(=O)c1ccc(-c2ccc(C([*:2])=S)s2)s1;2->1,1.6466
398,<polymer_spg>[*:1]Oc1ccc(-c2ccc(C([*:2])=O)s2)s1;2->1,2.3145
399,<polymer_spg>[*:1]C(=O)c1ccc(-c2ccc(-c3ccc([*:2])s3)cc2)s1;2->1,1.5224
400,<polymer_spg>[*:1]C(=O)c1ccc(-c2ccc(C([*:2])=S)cc2)s1;2->1,1.9265
401,<polymer_spg>[*:1]Oc1ccc(-c2ccc(C([*:2])=O)s2)cc1;2->1,2.0204
402,<polymer_spg>[*:1]C(=O)c1ccc(C(=O)c2ccc([*:2])s2)s1;2->1,1.863
403,<polymer_spg>[*:1]C(=O)c1ccc(C(=O)C([*:2])=S)s1;2->1,1.1902
404,<polymer_spg>[*:1]OC(=O)c1ccc(C([*:2])=O)s1;2->1,3.202
405,<polymer_spg>[*:1]OC(=S)c1ccc(C([*:2])=O)s1;2->1,2.3663
406,<polymer_spg>[*:1]C(=O)c1ccc(Oc2ccc([*:2])s2)s1;2->1,2.4838
407,<polymer_spg>[*:1]C(=O)c1ccc(OC([*:2])=S)s1;2->1,1.6701
408,<polymer_spg>[*:1]C(=O)c1ccc(-c2ccc(-c3ccc([*:2])cc3)s2)cc1;2->1,1.7624
409,<polymer_spg>[*:1]Oc1ccc(-c2ccc(C([*:2])=O)cc2)s1;2->1,2.7538
410,<polymer_spg>[*:1]C(=O)c1ccc(-c2ccc(-c3ccc([*:2])cc3)cc2)cc1;2->1,2.5479
411,<polymer_spg>[*:1]C(=O)c1ccc(-c2ccc(C([*:2])=S)cc2)cc1;2->1,2.0643
412,<polymer_spg>[*:1]C(=O)c1ccc(C(=O)c2ccc([*:2])s2)cc1;2->1,2.4807
413,<polymer_spg>[*:1]C(=O)c1ccc(C(=O)c2ccc([*:2])cc2)cc1;2->1,2.9556
414,<polymer_spg>[*:1]C(=O)c1ccc(C(=O)C([*:2])=S)cc1;2->1,1.6753
415,<polymer_spg>[*:1]OC(=S)c1ccc(C([*:2])=O)cc1;2->1,2.5144
416,<polymer_spg>[*:1]C(=O)c1ccc(Oc2ccc([*:2])s2)cc1;2->1,3.0776
417,<polymer_spg>[*:1]C(=O)c1ccc(OC([*:2])=S)cc1;2->1,2.0547
418,<polymer_spg>[*:1]C(=O)C(=S)OC([*:2])=S;2->1,1.4146
419,<polymer_spg>[*:1]C(=O)Oc1ccc(C([*:2])=S)s1;2->1,1.9856
420,<polymer_spg>[*:1]Oc1ccc(OC([*:2])=O)s1;2->1,3.6706
421,<polymer_spg>[*:1]C(=O)Oc1ccc(C([*:2])=S)cc1;2->1,2.3448
422,<polymer_spg>[*:1]OC(=O)OC([*:2])=O;2->1,5.926
423,<polymer_spg>[*:1]OC(=S)OC([*:2])=O;2->1,3.9378
424,<polymer_spg>[*:1]Nc1ccc(-c2ccc(-c3ccc([*:2])s3)s2)s1;2->1,1.5003
425,<polymer_spg>[*:1]Cc1ccc(-c2ccc(N[*:2])s2)s1;2->1,2.8559
426,<polymer_spg>[*:1]Nc1ccc(-c2ccc(C([*:2])=O)s2)s1;2->1,1.9451
427,<polymer_spg>[*:1]Nc1ccc(-c2ccc(C([*:2])=S)s2)s1;2->1,1.9074
428,<polymer_spg>[*:1]Nc1ccc(-c2ccc(-c3ccc([*:2])s3)cc2)s1;2->1,1.6397
429,<polymer_spg>[*:1]Nc1ccc(-c2ccc(C([*:2])=S)cc2)s1;2->1,2.3796
430,<polymer_spg>[*:1]Nc1ccc(C(=O)c2ccc([*:2])s2)s1;2->1,1.7108
431,<polymer_spg>[*:1]Nc1ccc(C(=O)C([*:2])=S)s1;2->1,1.4251
432,<polymer_spg>[*:1]Nc1ccc(C(=S)c2ccc([*:2])s2)s1;2->1,1.9993
433,<polymer_spg>[*:1]Nc1ccc(C(=S)c2ccc([*:2])cc2)s1;2->1,1.7781
434,<polymer_spg>[*:1]Nc1ccc(Nc2ccc([*:2])s2)s1;2->1,3.4208
435,<polymer_spg>[*:1]Nc1ccc(NC([*:2])=S)s1;2->1,2.1538
436,<polymer_spg>[*:1]Nc1ccc(Oc2ccc([*:2])s2)s1;2->1,3.9124
437,<polymer_spg>[*:1]Nc1ccc(OC([*:2])=S)s1;2->1,2.6588
438,<polymer_spg>[*:1]Nc1ccc(-c2ccc(-c3ccc([*:2])s3)s2)cc1;2->1,2.587
439,<polymer_spg>[*:1]Nc1ccc(-c2ccc(-c3ccc([*:2])cc3)s2)cc1;2->1,1.8163
440,<polymer_spg>[*:1]Nc1ccc(-c2ccc(C([*:2])=S)s2)cc1;2->1,1.4764
441,<polymer_spg>[*:1]Nc1ccc(-c2ccc(-c3ccc([*:2])s3)cc2)cc1;2->1,1.8733
442,<polymer_spg>[*:1]Nc1ccc(-c2ccc(-c3ccc([*:2])cc3)cc2)cc1;2->1,2.9094
443,<polymer_spg>[*:1]Cc1ccc(-c2ccc(N[*:2])cc2)cc1;2->1,3.4971
444,<polymer_spg>[*:1]Nc1ccc(-c2ccc(C([*:2])=S)cc2)cc1;2->1,2.3255
445,<polymer_spg>[*:1]Nc1ccc(-c2ccc(O[*:2])cc2)cc1;2->1,3.4585
446,<polymer_spg>[*:1]Nc1ccc(C(=O)c2ccc([*:2])s2)cc1;2->1,2.3459
447,<polymer_spg>[*:1]Nc1ccc(C(=O)C([*:2])=S)cc1;2->1,1.7009
448,<polymer_spg>[*:1]Nc1ccc(C(=O)O[*:2])cc1;2->1,3.977
449,<polymer_spg>[*:1]Nc1ccc(C(=S)c2ccc([*:2])cc2)cc1;2->1,1.8785
450,<polymer_spg>[*:1]Nc1ccc(Nc2ccc([*:2])s2)cc1;2->1,2.8374
451,<polymer_spg>[*:1]Nc1ccc(NO[*:2])cc1;2->1,3.6275
452,<polymer_spg>[*:1]Nc1ccc(Oc2ccc([*:2])s2)cc1;2->1,3.4138
453,<polymer_spg>[*:1]Nc1ccc(Oc2ccc([*:2])cc2)cc1;2->1,3.2074
454,<polymer_spg>[*:1]Nc1ccc(OC([*:2])=S)cc1;2->1,3.2479
455,<polymer_spg>[*:1]NC(=O)c1ccc(-c2ccc([*:2])cc2)s1;2->1,1.9448
456,<polymer_spg>[*:1]NC(=O)c1ccc(C([*:2])=O)s1;2->1,2.6812
457,<polymer_spg>[*:1]NC(=O)c1ccc(C([*:2])=S)s1;2->1,1.932
458,<polymer_spg>[*:1]NC(=O)c1ccc(O[*:2])s1;2->1,3.0418
459,<polymer_spg>[*:1]NC(=O)c1ccc(-c2ccc([*:2])s2)cc1;2->1,1.9266
460,<polymer_spg>[*:1]NC(=O)c1ccc(-c2ccc([*:2])cc2)cc1;2->1,2.6675
461,<polymer_spg>[*:1]NC(=O)c1ccc(C([*:2])=S)cc1;2->1,2.4238
462,<polymer_spg>[*:1]NC(=O)c1ccc(O[*:2])cc1;2->1,3.6086
463,<polymer_spg>[*:1]NC(=O)C(=S)c1ccc([*:2])s1;2->1,0.9512
464,<polymer_spg>[*:1]NC(=O)C(=S)c1ccc([*:2])cc1;2->1,1.5619
465,<polymer_spg>[*:1]NC(=O)C(=S)C([*:2])=O;2->1,1.4363
466,<polymer_spg>[*:1]NC(=O)C(=S)O[*:2];2->1,2.095
467,<polymer_spg>[*:1]NC(=O)Nc1ccc([*:2])s1;2->1,3.137
468,<polymer_spg>[*:1]NC(=O)Nc1ccc([*:2])cc1;2->1,3.4515
469,<polymer_spg>[*:1]NC(=O)NC([*:2])=O;2->1,3.9867
470,<polymer_spg>[*:1]NC(=O)NC([*:2])=S;2->1,2.0371
471,<polymer_spg>[*:1]NC(=O)NO[*:2];2->1,5.0658
472,<polymer_spg>[*:1]NC(=O)Oc1ccc([*:2])s1;2->1,3.4227
473,<polymer_spg>[*:1]NC(=O)Oc1ccc([*:2])cc1;2->1,3.4546
474,<polymer_spg>[*:1]NC(=O)OC([*:2])=S;2->1,2.5812
475,<polymer_spg>[*:1]NC(=S)c1ccc(C([*:2])=S)s1;2->1,1.6122
476,<polymer_spg>[*:1]NC(=S)c1ccc(O[*:2])s1;2->1,2.3899
477,<polymer_spg>[*:1]NC(=S)c1ccc(O[*:2])cc1;2->1,2.6021
478,<polymer_spg>[*:1]NC(=S)C(=O)C([*:2])=S;2->1,1.5026
479,<polymer_spg>[*:1]NC(=S)C(=O)O[*:2];2->1,1.8481
480,<polymer_spg>[*:1]NC(=S)Nc1ccc([*:2])cc1;2->1,2.6405
481,<polymer_spg>[*:1]NC(=S)NC([*:2])=S;2->1,2.0315
482,<polymer_spg>[*:1]NC(=S)NO[*:2];2->1,3.3916
483,<polymer_spg>[*:1]NC(=S)OC([*:2])=S;2->1,2.4316
484,<polymer_spg>[*:1]NOc1ccc(O[*:2])cc1;2->1,4.5587
485,<polymer_spg>[*:1]NOC(=O)O[*:2];2->1,5.0089
486,<polymer_spg>[*:1]NOC(=S)O[*:2];2->1,3.7133
487,<polymer_spg>[*:1]NC(=S)Nc1ccc(NC(=S)Nc2ccc(Oc3ccc([*:2])cc3)cc2)cc1;2->1,2.9952
488,<polymer_spg>[*:1]NC(=S)Nc1ccc(NC(=S)Nc2ccc(Cc3ccc([*:2])cc3)cc2)cc1;2->1,3.6012
489,<polymer_spg>[*:1]CCCCCCCNC(=S)Nc1ccc(NC(=S)N[*:2])cc1;2->1,3.5538
490,<polymer_spg>[*:1]NC(=S)Nc1ccc(Cc2ccc([*:2])cc2)cc1;2->1,3.7898
491,<polymer_spg>[*:1]CCOCCOC(=O)Nc1ccc(C)c(NC(=O)O[*:2])c1;2->1,4.5558
492,<polymer_spg>[*:1]C(=O)NC(=O)c1ccc([*:2])cc1;2->1,3.4047
493,<polymer_spg>[*:1]NC(=O)OC([*:2])=O;2->1,4.9145
494,<polymer_spg>[*:1]OC(=O)C(=S)C([*:2])=O;2->1,1.4341
495,<polymer_spg>[*:1]OCCC(=O)CC(=O)Oc1ccc([*:2])cc1;2->1,3.7901
496,<polymer_spg>[*:1]CCOC(=S)NC(=S)c1ccc(N[*:2])cc1;2->1,2.4106
497,<polymer_spg>[*:1]CNCCCOCO[*:2];2->1,6.3311
498,<polymer_spg>[*:1]CNCNC(=O)NC(=O)N[*:2];2->1,5.4
499,<polymer_spg>[*:1]CNC(=O)NCOCO[*:2];2->1,6.6011
500,<polymer_spg>[*:1]CNC(=O)ONC(=O)NO[*:2];2->1,5.9707
501,<polymer_spg>[*:1]COCOCCCO[*:2];2->1,7.1737
502,<polymer_spg>[*:1]CNCCNC(=O)OC[*:2];2->1,6.3647
503,<polymer_spg>[*:1]C(=O)c1ccc(NC(=S)Oc2ccc(Nc3ccc([*:2])s3)s2)s1;2->1,2.3992
504,<polymer_spg>[*:1]NOC(=O)NCC(=O)NC([*:2])=O;2->1,4.9352
505,<polymer_spg>[*:1]NCCCNC(=O)NC([*:2])=O;2->1,6.0227
506,<polymer_spg>[*:1]Nc1ccc(NC(=O)NC(=O)NC([*:2])=O)s1;2->1,3.2632
507,<polymer_spg>[*:1]NCNC(=O)OC(=O)NC([*:2])=O;2->1,5.4649
508,<polymer_spg>[*:1]OCCCCONC([*:2])=O;2->1,5.6793
509,<polymer_spg>[*:1]Oc1ccc(C(=O)c2ccc(C(=O)NOC([*:2])=O)s2)cc1;2->1,2.9014
510,<polymer_spg>[*:1]c1ccc(C(F)(F)c2ccc(C([*:2])(F)F)s2)s1;2->1,3.3708
511,<polymer_spg>[*:1]C(=S)C(F)(F)c1ccc(C([*:2])(F)F)s1;2->1,2.1503
512,<polymer_spg>[*:1]OC(F)(F)c1ccc(C([*:2])(F)F)s1;2->1,3.9843
513,<polymer_spg>[*:1]c1ccc(C(F)(F)c2ccc(C([*:2])(F)F)cc2)s1;2->1,3.9825
514,<polymer_spg>[*:1]c1ccc(C(F)(F)c2ccc(C([*:2])(F)F)cc2)cc1;2->1,4.1742
515,<polymer_spg>[*:1]C(=S)C(F)(F)c1ccc(C([*:2])(F)F)cc1;2->1,2.4957
516,<polymer_spg>[*:1]OC(F)(F)c1ccc(C([*:2])(F)F)cc1;2->1,4.4042
517,<polymer_spg>[*:1]C(=S)c1ccc(C(F)(F)C([*:2])(F)F)s1;2->1,2.1029
518,<polymer_spg>[*:1]Oc1ccc(C(F)(F)C([*:2])(F)F)s1;2->1,4.0762
519,<polymer_spg>[*:1]c1ccc(-c2ccc(C(F)(F)C([*:2])(F)F)cc2)s1;2->1,4.0895
520,<polymer_spg>[*:1]c1ccc(-c2ccc(C(F)(F)C([*:2])(F)F)cc2)cc1;2->1,3.2719
521,<polymer_spg>[*:1]C(=S)c1ccc(C(F)(F)C([*:2])(F)F)cc1;2->1,2.3476
522,<polymer_spg>[*:1]Oc1ccc(C(F)(F)C([*:2])(F)F)cc1;2->1,4.7894
523,<polymer_spg>[*:1]c1ccc(CC(F)(F)C([*:2])(F)F)s1;2->1,4.5178
524,<polymer_spg>[*:1]c1ccc(CC(F)(F)C([*:2])(F)F)cc1;2->1,5.11
525,<polymer_spg>[*:1]C(=O)CC(F)(F)C([*:2])(F)F;2->1,5.0395
526,<polymer_spg>[*:1]C(=S)CC(F)(F)C([*:2])(F)F;2->1,2.143
527,<polymer_spg>[*:1]NCC(F)(F)C([*:2])(F)F;2->1,7.8675
528,<polymer_spg>[*:1]OCC(F)(F)C([*:2])(F)F;2->1,8.8494
529,<polymer_spg>[*:1]c1ccc(C(=O)C(F)(F)C([*:2])(F)F)s1;2->1,3.0077
530,<polymer_spg>[*:1]c1ccc(C(=O)C(F)(F)C([*:2])(F)F)cc1;2->1,3.5762
531,<polymer_spg>[*:1]C(=S)C(=O)C(F)(F)C([*:2])(F)F;2->1,1.5715
532,<polymer_spg>[*:1]OC(=S)C(F)(F)C([*:2])(F)F;2->1,3.1746
533,<polymer_spg>[*:1]c1ccc(NC(F)(F)C([*:2])(F)F)s1;2->1,3.3898
534,<polymer_spg>[*:1]c1ccc(NC(F)(F)C([*:2])(F)F)cc1;2->1,4.1626
535,<polymer_spg>[*:1]C(=O)NC(F)(F)C([*:2])(F)F;2->1,5.4991
536,<polymer_spg>[*:1]C(=S)NC(F)(F)C([*:2])(F)F;2->1,2.8927
537,<polymer_spg>[*:1]NOC(F)(F)C([*:2])(F)F;2->1,6.3342
538,<polymer_spg>[*:1]c1ccc(C(F)(F)CC([*:2])(F)F)s1;2->1,3.8644
539,<polymer_spg>[*:1]c1ccc(C(F)(F)CC([*:2])(F)F)cc1;2->1,4.3368
540,<polymer_spg>[*:1]C(=O)C(F)(F)CC([*:2])(F)F;2->1,4.9978
541,<polymer_spg>[*:1]C(=S)C(F)(F)CC([*:2])(F)F;2->1,2.4856
542,<polymer_spg>[*:1]NC(F)(F)CC([*:2])(F)F;2->1,8.287
543,<polymer_spg>[*:1]OC(F)(F)CC([*:2])(F)F;2->1,10.0451
544,<polymer_spg>[*:1]C(=O)C(F)(F)C(=O)C([*:2])(F)F;2->1,3.1408
545,<polymer_spg>[*:1]OC(F)(F)C(=O)C([*:2])(F)F;2->1,5.2263
546,<polymer_spg>[*:1]OC(F)(F)C(=S)C([*:2])(F)F;2->1,2.4298
547,<polymer_spg>[*:1]c1ccc(C(F)(F)NC([*:2])(F)F)s1;2->1,3.6543
548,<polymer_spg>[*:1]c1ccc(C(F)(F)NC([*:2])(F)F)cc1;2->1,4.2709
549,<polymer_spg>[*:1]C(=O)C(F)(F)NC([*:2])(F)F;2->1,5.0875
550,<polymer_spg>[*:1]C(=S)C(F)(F)NC([*:2])(F)F;2->1,2.6094
551,<polymer_spg>[*:1]NC(F)(F)NC([*:2])(F)F;2->1,8.2637
552,<polymer_spg>[*:1]OC(F)(F)NC([*:2])(F)F;2->1,8.991
553,<polymer_spg>[*:1]C(C#N)C([*:2])(C#N)C#N;2->1,5.8992
554,<polymer_spg>[*:1]CC([*:2])(C#N)C#N;2->1,6.9314
555,<polymer_spg>[*:1]CC(C#N)(C#N)C(C#N)C([*:2])(C#N)C#N;2->1,6.2447
556,<polymer_spg>[*:1]CC(C#N)(C#N)C(C#N)C(C#N)(C#N)C(C#N)C([*:2])(C#N)C#N;2->1,6.2667
557,<polymer_spg>[*:1]CC(C#N)(C#N)C(C#N)C(C#N)(C#N)C(C#N)C(C#N)(C#N)C(C#N)C([*:2])(C#N)C#N;2->1,5.9056
558,<polymer_spg>[*:1]CC(C#N)(C#N)CC(C#N)(C#N)C(C#N)C([*:2])(C#N)C#N;2->1,6.5308
559,<polymer_spg>[*:1]CC(C#N)(C#N)CC(C#N)(C#N)CC(C#N)(C#N)C(C#N)C([*:2])(C#N)C#N;2->1,6.4504
560,<polymer_spg>[*:1]C([H])=C([*:2])[H];2->1,0.6605
