Unnamed: 0,POLYMER SMILES,Tg (K),Td_1/2 (K),log10(P_CO2 (Barrer))
608,<polymer_spg>O=C(OCCO[*:1])c1ccc2cc(C(=O)[*:2])ccc2c1;2->1,433.0141577,728.4272862,-0.253322069
592,<polymer_spg>O=C(NCCCOC1CCC(O[*:1])CC1)c1ccc(OCCCCOc2ccc(C(=O)NCCC[*:2])cc2)cc1;2->1,373.6741996,675.9763042,-0.140787889
905,<polymer_spg>O=C1c2ccc(Oc3cc4ccccc4cc3Oc3ccc4c(c3)C(=O)N([*:1])C4=O)cc2C(=O)N1c1cccc(Oc2ccc([*:2])cc2)c1;2->1,474.5626494,771.3614162,-1.566961548
854,<polymer_spg>O=C(O)C(OCN[*:1])[*:2];2->1,382.0091104,603.876226,-1.35190371
980,<polymer_spg>NC(=O)C(CC(C[*:1])C(=O)[O-])CC(C(N)=O)[*:2];2->1,359.0436016,641.6377642,-1.909026005
97,<polymer_spg>CN1C(=O)C(C)(C[*:1])CC(C)([*:2])C1=O;2->1,589.4913547,651.1620366,1.679796814
479,<polymer_spg>COC1C(O[*:1])C(CO)OC([*:2])C1OCCO;2->1,372.5654396,604.3062321,0.394013743
879,<polymer_spg>O=C(c1ccc(Oc2ccc(-c3ccc(O[*:1])cc3)cc2)cc1)c1ccccc1-c1ccccc1C(=O)c1ccc([*:2])cc1;2->1,398.7377075,765.9131157,-1.480513357
717,<polymer_spg>CCCC(CCC)(c1ccc(OC(=O)O[*:1])cc1)c1ccc([*:2])cc1;2->1,367.2441877,702.2716134,-0.762317337
1011,<polymer_spg>NC(=O)C(CC(CC(C(N)=O)[*:1])C(N)=O)CC(C[*:2])C(=O)[O-];2->1,358.5450374,637.1555867,-2.067067627
196,<polymer_spg>Cc1ccccc1C1OC(C[*:1])CC([*:2])O1;2->1,407.3836006,699.8546064,1.449992285
907,<polymer_spg>O=S(=O)(c1ccc(Oc2ccc(Cc3ccc([*:1])cc3)cc2)cc1)c1ccc(O[*:2])cc1;2->1,379.2606541,719.0100779,-1.569397771
183,<polymer_spg>CCCCCCCCCCc1ccc(C(C[*:1])[*:2])cc1;2->1,269.6513273,673.0839954,1.476576066
793,<polymer_spg>O=S(=O)(c1ccc(Oc2ccc(C3(c4ccc([*:1])cc4)CCCCC3)cc2)cc1)c1ccc(O[*:2])cc1;2->1,431.8482227,718.4548713,-1.089821435
1133,<polymer_spg>O=C(Nc1ccc(Cc2ccc(NC(=O)O[*:1])cc2)cc1)Nc1cccc2cccc([*:2])c12;2->1,466.0942703,739.064964,-3.263620232
294,<polymer_spg>C(=C[*:1])c1ccc([*:2])o1;2->1,393.6612826,748.3199005,1.251643378
1034,<polymer_spg>O=C(Nc1ccccc1CCc1ccc([*:1])cc1)Nc1ccccc1CCc1ccccc1NC(=O)N[*:2];2->1,368.159538,724.99135,-2.190018787
1045,<polymer_spg>Cc1c(NC(=O)NCCCCCC[*:1])cccc1NC(=O)N[*:2];2->1,390.7186376,661.2907651,-2.251888447
660,<polymer_spg>O=C(OCCN1C(=O)N([*:1])C(=O)C1C1CCCCC1)c1ccc(C(=O)OCC[*:2])cc1;2->1,457.3122631,697.8042349,-0.454325524
122,<polymer_spg>CCCC(CCCCC[*:1])[*:2];2->1,202.1061516,621.8207657,1.622584821
576,<polymer_spg>O=C(NCCCOC1CCC(O[*:1])CC1)c1ccc(OCCCCCCOc2ccc(C(=O)NCCC[*:2])cc2)cc1;2->1,364.5926623,673.5710036,-0.037259471
522,<polymer_spg>O=C(CCCCCCOCCCC(=O)NCCCCCO[*:1])NCCCCC[*:2];2->1,255.1363063,620.934246,0.222752422
590,<polymer_spg>O=C(COc1ccc(O[*:1])cc1)NCCCOC1CCC(OCCCNC(=O)C[*:2])CC1;2->1,375.2144261,658.0652416,-0.117992128
1075,<polymer_spg>NC(=O)C(C[*:1])[*:2];2->1,357.0116516,623.7136162,-2.545949482
175,<polymer_spg>CCCCCCCCCCCCCCCCc1ccc(C(C[*:1])[*:2])cc1;2->1,243.3067185,661.6855359,1.495195635
967,<polymer_spg>O=C(OC(=O)c1ccc(C(=O)OC(=O)c2ccc([*:1])cc2)cc1)c1ccc(OCCCCO[*:2])cc1;2->1,381.5582475,717.3749717,-1.8710309
81,<polymer_spg>CCc1cc(C[*:1])ccc1C[*:2];2->1,401.4967343,712.6209115,1.74485937
77,<polymer_spg>Cc1cc(-c2ccc([*:1])c(C)c2)ccc1[*:2];2->1,460.7738687,749.3903464,1.777987622
511,<polymer_spg>O=C(CCCCCOCCCCCC(=O)NCCCCC[*:1])NCCCCCO[*:2];2->1,252.9803551,621.2033876,0.277633006
723,<polymer_spg>O=C(NCCCCCCCCCCCCCCCCCC[*:1])Nc1ccc(Cc2ccc(NC(=O)N[*:2])cc2)cc1;2->1,329.7035561,669.459067,-0.786991378
667,<polymer_spg>O=C(CCc1ccc([*:1])o1)OC(=O)CC[*:2];2->1,352.3518813,691.7613469,-0.502619993
853,<polymer_spg>O=C1CN(c2cccc(N3CC(=O)N([*:1])C3=O)c2)C(=O)N1c1ccc(Cc2ccc([*:2])cc2)cc1;2->1,579.7455641,746.9954662,-1.341242735
944,<polymer_spg>O=C1N(c2ccc(Oc3ccc([*:1])cc3)cc2)C(=O)N1[*:2];2->1,527.9195024,755.3046671,-1.758308837
1131,<polymer_spg>O=C(NNC(=O)c1ccc(N=N[*:1])cc1)Nc1ccc(Cc2ccc(NC(=O)NNC(=O)c3ccc([*:2])cc3)cc2)cc1;2->1,431.3364633,719.6072049,-3.199888057
747,<polymer_spg>O=C1C(=O)N(c2ccccc2CCc2ccc([*:1])cc2)C(=O)N1CCCCCCN1C(=O)C(=O)N([*:2])C1=O;2->1,476.0330748,721.6403961,-0.912070858
589,<polymer_spg>CC1(C)C(=O)N(CN2C(=O)N(CN3C(=O)N(CN4C(=O)N([*:1])C(C)(C)C4=O)C(=O)C3(C)C)C(C)(C)C2=O)C(=O)N1CCOC(=O)c1ccc(C(=O)OCC[*:2])cc1;2->1,519.5629882,673.2106422,-0.114801738
1068,<polymer_spg>Cc1ccc(NC(=O)N[*:1])cc1NC(=O)Nc1ccc(CCc2ccc([*:2])cc2)cc1;2->1,426.3968222,714.7076636,-2.444124886
630,<polymer_spg>CC1(C)CC(CNC(=O)NCCC[*:1])CC(C)(NC(=O)O[*:2])C1;2->1,420.1512375,623.1184519,-0.314210728
117,<polymer_spg>CC(CCCCCCC[*:1])[*:2];2->1,208.8937635,618.0486217,1.642877903
434,<polymer_spg>C(#Cc1ccc(C2(c3ccc4c([*:1])c(-c5ccccc5)c(-c5ccccc5)c([*:2])c4c3)c3ccccc3-c3ccccc32)cc1C#Cc1ccccc1)c1ccccc1;2->1,457.8107242,799.9605895,0.59682872
395,<polymer_spg>FC(F)(F)C1(F)OC(C(F)(F)[*:1])([*:2])OC1(F)F;2->1,377.6768387,611.6198592,0.875592571
646,<polymer_spg>CC1(C)C(=O)N(Cc2ccc(C(=O)OCCOC(=O)c3ccc(C[*:1])cc3)cc2)C(=O)N1CN1C(=O)N([*:2])C(=O)C1(C)C;2->1,483.9775257,691.6622113,-0.403490257
1121,<polymer_spg>Cc1ccc(NC(=O)Nc2ccc([*:1])c(C)c2)cc1NC(=O)O[*:2];2->1,453.3489197,700.5224019,-3.115385299
2,<polymer_spg>C[Si](C)([Si](C)(C)[*:1])[*:2];2->1,170.5332654,408.6581026,4.429004611
491,<polymer_spg>O=C(CCCCCCOCCCCCCC(=O)NCCCCC[*:1])NCCCCCO[*:2];2->1,249.1115302,621.6885843,0.37462656
674,<polymer_spg>n1nc([*:1])oc1[*:2];2->1,651.7702261,767.5564086,-0.550793675
182,<polymer_spg>CCCCCCCCCCc1ccc(C(C[*:1])[*:2])cc1;2->1,269.6513273,673.0839954,1.476576066
762,<polymer_spg>CC(C)(c1ccc(Oc2ccc(C(=O)c3ccc(O[*:1])cc3)cc2)cc1)c1ccc([*:2])cc1;2->1,413.2716962,739.8187844,-0.948853338
970,<polymer_spg>OCC1OC([*:1])C(O)C(O)C1O[*:2];2->1,465.4341954,615.8686802,-1.87886251
759,<polymer_spg>Cc1cc(C(=O)c2ccc(C(=O)c3ccc(O[*:1])c(C(C)C)c3)cc2)ccc1[*:2];2->1,413.6208729,732.2593113,-0.939259899
1029,<polymer_spg>O=C(Nc1ccccc1CCc1ccc([*:1])cc1)N[*:2];2->1,412.1103249,724.8345859,-2.185476329
651,<polymer_spg>CC(C)(CCOO)CNC(=O)C(C[*:1])[*:2];2->1,266.7733238,595.4553077,-0.416714143
565,<polymer_spg>O=C(NCCCCCCNC(=O)[*:1])OCCCCOCCCCO[*:2];2->1,265.2846593,618.5736241,0.017895059
478,<polymer_spg>c1ccc2c(-c3ccc(Oc4ccc([*:1])cc4)cc3)cc([*:2])nc2c1;2->1,531.3028323,781.7511538,0.394629514
239,<polymer_spg>CCc1cccc(C(C[*:1])[*:2])c1;2->1,354.3501416,710.8578149,1.384364785
110,<polymer_spg>CCCCCC(C(CCCCC)[*:1])[*:2];2->1,194.6437047,620.945006,1.656543763
963,<polymer_spg>O=C1c2ccc(Oc3cc4ccccc4cc3O[*:1])cc2C(=O)N1c1cccc(N2C(=O)c3ccc([*:2])cc3C2=O)c1;2->1,482.5327292,775.4077497,-1.855215483
1130,<polymer_spg>O=C(CCCCCCCCC(=O)[*:1])NC(=O)NCCNC(=O)N[*:2];2->1,331.1149396,637.7374279,-3.192160667
303,<polymer_spg>CCCCCCCCOOCC(C[*:1])[*:2];2->1,210.8070386,609.426737,1.227819088
1161,<polymer_spg>O=C(Nc1cc(NC(=O)N[*:1])cc(C(=O)Nc2cccc3c2C(=O)c2ccccc2C3=O)c1)Nc1cccc2c([*:2])cccc12;2->1,468.456639,751.9425237,-3.777244522
512,<polymer_spg>C(CC[*:1])CSCCCS[*:2];2->1,264.0061888,659.4159094,0.27761977
1118,<polymer_spg>O=C(NCCNC(=O)N[*:1])Nc1ccc(Cc2ccc([*:2])cc2)cc1;2->1,426.7365645,699.0147085,-3.069607813
851,<polymer_spg>O=C(CCCO[*:1])NCc1ccc(CNC(=O)CCC[*:2])cc1;2->1,326.8632488,664.2898862,-1.33500775
200,<polymer_spg>CCC(C)c1ccc(C(C[*:1])[*:2])cc1;2->1,337.150519,690.2560748,1.447805847
361,<polymer_spg>CC(S[*:1])C(C)[*:2];2->1,403.6910546,610.0590891,1.01752612
65,<polymer_spg>CCC(C)(CCC[*:1])[*:2];2->1,273.533672,598.9493538,1.862554965
384,<polymer_spg>FC(F)(F)C1(F)OC(C(F)(F)[*:1])([*:2])OC1(F)C(F)(F)F;2->1,351.5615797,607.5143039,0.910823093
658,<polymer_spg>Cc1cc(C2(c3ccc([*:1])c(C)c3)CCCCC2)ccc1OC(=O)O[*:2];2->1,431.1570235,714.6572695,-0.444665174
272,<polymer_spg>CCCCOC(=O)C(C)(C[*:1])[*:2];2->1,304.7036527,617.1853195,1.304759433
1005,<polymer_spg>O=C(Oc1ccc(Cc2ccc([*:1])cc2)cc1)O[*:2];2->1,338.9188865,734.4344032,-2.022229265
165,<polymer_spg>Cc1ccc(C(C[*:1])[*:2])cc1C;2->1,368.508929,697.2099216,1.536872818
989,<polymer_spg>O=C(c1ccc(Oc2ccc(S(=O)(=O)c3ccc([*:1])cc3)cc2)cc1)c1ccc(O[*:2])cc1;2->1,435.418691,722.9847067,-1.942139838
914,<polymer_spg>NC(=O)C(CC(C[*:1])C(=O)[O-])[*:2];2->1,360.0200288,650.6028643,-1.595270321
1022,<polymer_spg>COC(=O)C(CCCC[*:1])NC(=O)NCCCNC(=O)N[*:2];2->1,332.2794854,619.7604059,-2.156342295
760,<polymer_spg>O=C1c2ccc(-c3c(-c4ccccc4)c(-c4ccccc4)c(-c4ccc(Oc5ccc(-c6c(-c7ccccc7)c(-c7ccccc7)c([*:1])c(-c7ccccc7)c6-c6ccccc6)cc5)cc4)c(-c4ccccc4)c3-c3ccccc3)cc2C(=O)N1c1ccc(N2C(=O)c3ccc([*:2])cc3C2=O)cc1;2->1,504.4367339,782.786889,-0.940078234
412,<polymer_spg>c1cc([*:1])oc1C[*:2];2->1,443.5414487,739.0860985,0.711894836
1048,<polymer_spg>O=C(Nc1cc(NC(=O)N[*:1])cc(C(=O)Nc2cccc3c2C(=O)c2ccccc2C3=O)c1)NC1CCC(CC2CCC([*:2])CC2)CC1;2->1,438.99767,722.7727568,-2.25894197
1079,<polymer_spg>Cc1cc([*:1])ccc1NC(=O)NCCCCCCNC(=O)O[*:2];2->1,385.350767,662.7869984,-2.554334782
1010,<polymer_spg>Cc1ccc(NC(=O)O[*:1])cc1NC(=O)OCC[*:2];2->1,416.8300328,671.0503989,-2.05772748
188,<polymer_spg>CCCCCCCCCc1ccc(C(C[*:1])[*:2])cc1;2->1,275.8580251,675.7933843,1.471546411
418,<polymer_spg>O=c1c2cc3c(=O)n([*:1])c(=O)c3cc2c(=O)n1-c1ccc(Cc2ccc([*:2])cc2)cc1;2->1,666.7623181,780.1133328,0.679790118
632,<polymer_spg>Cc1ccc(NC(=O)Oc2ccc(C(=O)OCCOCCOCCO[*:1])cc2)cc1NC(=O)Oc1ccc(C(=O)[*:2])cc1;2->1,370.1169354,687.2326746,-0.320382376
482,<polymer_spg>COc1ccc(C2N(C3CC(C)(C)CC(C)(CC4CC(C)(C)CC(C)(C[*:1])C4)C3)C(=O)N3C(c4ccc(OC)cc4)N([*:2])C(=O)N23)cc1;2->1,517.4470178,675.0277227,0.389735054
597,<polymer_spg>O=C(c1ccccc1)C(C[*:1])[*:2];2->1,392.4390417,731.9871127,-0.153963647
1141,<polymer_spg>Cc1ccc(NC(=O)N[*:1])cc1NC(=O)Nc1ccc([*:2])c2ccccc12;2->1,435.346629,725.6310215,-3.392844261
316,<polymer_spg>CC(C)(C)OC(=O)C(C[*:1])[*:2];2->1,289.5140863,601.902081,1.188753395
214,<polymer_spg>FC(F)(F)C(O[*:1])(C(F)(F)F)[*:2];2->1,307.1157825,586.0024917,1.420302046
677,<polymer_spg>O=C(NCCCCCCCCCC[*:1])N[*:2];2->1,282.1923136,623.5395154,-0.566100364
787,<polymer_spg>O=C(Oc1ccc(C(c2ccccc2)c2ccc([*:1])cc2)cc1)O[*:2];2->1,420.3253306,747.1834748,-1.055345283
877,<polymer_spg>O=C(c1ccc(Oc2ccc(-c3ccc(-c4ccc(O[*:1])cc4)cc3)cc2)cc1)c1cccc(C(=O)c2ccc([*:2])cc2)c1;2->1,443.1442962,765.6378034,-1.472568567
260,<polymer_spg>Cc1ccccc1C(C[*:1])[*:2];2->1,375.8444319,714.8261866,1.34471062
19,<polymer_spg>C[Si](C[*:1])(c1ccccc1)[*:2];2->1,351.5401487,628.3098035,2.356290315
790,<polymer_spg>O=C(NC[*:1])OCC(OC(=O)NCc1ccc([*:2])o1)c1ccco1;2->1,376.4412487,682.3588946,-1.07122821
30,<polymer_spg>Cc1cc(C)c(C[*:1])cc1C[*:2];2->1,368.1431903,698.9730182,2.225878304
587,<polymer_spg>CC(C(=O)OCCOCCO[*:1])C(=O)[*:2];2->1,267.2399119,622.8925799,-0.081077673
366,<polymer_spg>O=C(OCCCCCC[*:1])O[*:2];2->1,231.9432057,625.8772614,0.996067005
445,<polymer_spg>c1ccc(-c2c(-c3ccc([*:1])cc3)nc3ccc(Oc4ccc5nc([*:2])c(-c6ccccc6)c(-c6ccccc6)c5c4)cc3c2-c2ccccc2)cc1;2->1,570.6440854,787.7921861,0.564021592
253,<polymer_spg>Cc1ccc(C(C[*:1])[*:2])cc1;2->1,375.6272885,714.1917921,1.360534787
420,<polymer_spg>c1ccc(-c2nc(-c3ccc([*:1])cc3)[nH]c2-c2ccc(-c3[nH]c([*:2])nc3-c3ccccc3)cc2)cc1;2->1,543.4850958,786.5929131,0.672484936
568,<polymer_spg>O=C(OCCOCCO[*:1])c1cccc(C(=O)[*:2])c1;2->1,317.463269,679.6042724,0.011603763
840,<polymer_spg>Cc1cc(NC(=O)NCC2(C)CC(NC(=O)O[*:1])CC(C)(C)C2)ccc1[*:2];2->1,477.0198195,657.0544255,-1.30694024
264,<polymer_spg>CC(C)(C)CCCC(C[*:1])[*:2];2->1,169.8352864,586.7290352,1.340113711
1055,<polymer_spg>Cc1ccc(NC(=O)O[*:1])cc1NC(=O)NCCCC[*:2];2->1,364.2154095,665.5266344,-2.323559909
101,<polymer_spg>CCC(C)C(C[*:1])[*:2];2->1,229.4550266,605.1420248,1.675852687
427,<polymer_spg>c1ccc(-c2nc3cc4nc(-c5ccccc5)c([*:1])nc4cc3nc2-c2ccc([*:2])cc2)cc1;2->1,609.3002479,796.3507981,0.61754076
520,<polymer_spg>Cc1cc([*:1])cc(C)c1O[*:2];2->1,460.8661524,702.9827781,0.224324158
744,<polymer_spg>CC(C)(c1ccc(Oc2cccc([*:1])n2)cc1)c1ccc(O[*:2])cc1;2->1,396.674594,730.4688014,-0.904176825
315,<polymer_spg>c1ccc(-c2cc(-c3cccc(-c4cc(-c5ccccc5)c(-c5ccc([*:1])cc5)c(-c5ccccc5)c4-c4ccccc4)c3)c(-c3ccccc3)c(-c3ccccc3)c2-c2ccc(CCCCCC[*:2])cc2)cc1;2->1,454.5710698,771.1231461,1.195499393
649,<polymer_spg>CC1(C)C(=O)N(c2ccc(Cc3ccc([*:1])cc3)cc2)C(=O)N1c1ccc(Cc2ccc(N3C(=O)N([*:2])C(=O)C3(C)C)cc2)cc1;2->1,511.2314676,728.4605384,-0.412264523
912,<polymer_spg>O=S(=O)(c1ccc(Oc2ccc(-c3ccc(-c4ccc([*:1])cc4)cc3)cc2)cc1)c1ccc(O[*:2])cc1;2->1,455.3293546,733.3989662,-1.576002202
740,<polymer_spg>CC(C)CC(C)(c1ccc(OC(=O)O[*:1])cc1)c1ccc([*:2])cc1;2->1,394.5199068,697.0999882,-0.88594743
54,<polymer_spg>Cc1ccc([Si](CCC[*:1])(c2ccc(C)cc2)[*:2])cc1;2->1,356.1112097,671.4578093,1.939351601
1046,<polymer_spg>O=C(Nc1cc(NC(=O)N[*:1])cc(C(=O)Nc2ccc3c(c2)C(=O)c2ccccc2C3=O)c1)NC1CCC(CC2CCC([*:2])CC2)CC1;2->1,438.9596328,722.6517969,-2.255336421
521,<polymer_spg>O=C(CCCCCCCCCCCN[*:1])[*:2];2->1,270.7301136,630.8455022,0.22388398
1052,<polymer_spg>O=C(CCCCC(=O)[*:1])NCN[*:2];2->1,342.405922,634.2976615,-2.321027806
625,<polymer_spg>FC(F)(F)C(c1ccc(OOCO[*:1])cc1)(c1ccc([*:2])cc1)C(F)(F)F;2->1,386.1504941,667.2097157,-0.304159783
990,<polymer_spg>O=C(c1ccc(OCC(O)CO[*:1])cc1)c1ccc([*:2])cc1;2->1,403.5609172,708.2022971,-1.956532521
626,<polymer_spg>O=C(O)COC1C(O[*:1])C(CO)OC([*:2])C1OCCO;2->1,376.0546024,616.4663552,-0.306741917
918,<polymer_spg>O=C(O)c1cc(C(=O)O)c(C(=O)N[*:1])cc1C(=O)NCCCCCC[*:2];2->1,374.3143702,676.3261467,-1.655436263
1108,<polymer_spg>Cc1ccc(NC(=O)NCC[*:1])cc1NC(=O)O[*:2];2->1,385.2104598,669.9315572,-2.970404403
1120,<polymer_spg>O=C(NCCCCCCNC(=O)O[*:1])Nc1cccc2cccc([*:2])c12;2->1,405.9105436,693.8718866,-3.085240205
1073,<polymer_spg>O=C(Nc1ccc(Cc2ccc([*:1])cc2)cc1)N[*:2];2->1,462.622435,730.5202199,-2.479531796
416,<polymer_spg>C(CCC[*:1])CCS[*:2];2->1,274.1382557,650.1087503,0.695989241
691,<polymer_spg>O=C(CCCCC(=O)NCCC[*:1])NCCCO[*:2];2->1,289.502836,624.3556599,-0.66206528
278,<polymer_spg>CC(C)(C)CC(C[*:1])[*:2];2->1,171.3069997,574.7707039,1.288155138
1123,<polymer_spg>Cc1cc([*:1])ccc1NC(=O)Nc1ccc(C)c(NC(=O)O[*:2])c1;2->1,453.3489197,700.5224019,-3.115385299
664,<polymer_spg>O=C(Nc1ccc(C(=O)[*:1])cc1)OCCCCO[*:2];2->1,393.2430508,681.8175901,-0.49424484
279,<polymer_spg>C(C#C[*:1])#C[Si](c1ccccc1)(c1ccccc1)[*:2];2->1,374.8507574,735.8468612,1.285218085
523,<polymer_spg>O=C(CCCCCOCCCCC(=O)NCCCCCO[*:1])NCCCCC[*:2];2->1,255.1363063,620.934246,0.222752422
638,<polymer_spg>CC(=O)C(C[*:1])[*:2];2->1,330.2768565,637.3703404,-0.334424573
996,<polymer_spg>O=C(NCCCCCCNC(=O)N[*:1])Nc1ccccc1CCc1ccc([*:2])cc1;2->1,361.3348946,686.2305084,-1.988923758
206,<polymer_spg>CCC(CC)COC(=O)C(C)(C[*:1])[*:2];2->1,306.6772186,614.0481703,1.430124793
230,<polymer_spg>C1CC(CC[*:1])C([*:2])C1;2->1,347.7157839,685.4612761,1.390542388
436,<polymer_spg>c1ccc(-c2nc3cc(-c4ccc5nc([*:1])c(-c6ccccc6)nc5c4)ccc3nc2-c2ccc(Oc3ccc([*:2])cc3)cc2)cc1;2->1,564.2856002,787.231601,0.591778137
190,<polymer_spg>CCCCCCCCc1ccc(C(C[*:1])[*:2])cc1;2->1,282.8443164,678.8540781,1.465580547
641,<polymer_spg>O=C1C(=O)N([*:1])C(=O)N1CCCCCC[*:2];2->1,477.8568536,682.7337907,-0.366579036
145,<polymer_spg>CCCCCCCCCCCCCCCCCCC(C[*:1])[*:2];2->1,175.1255863,625.5400241,1.570144359
652,<polymer_spg>CC(C)(c1ccc(CNC(=O)OCCOC(=O)NC[*:1])o1)c1ccc([*:2])o1;2->1,351.651689,667.9452438,-0.421341691
318,<polymer_spg>CCCCOC(=O)C(C[*:1])[*:2];2->1,280.3464387,630.4112857,1.182943998
312,<polymer_spg>CCCCCCCCC1(CCCCCCCC)c2cc(-c3ccc4c(c3)C3(CCC(C(C)(C)C)CC3)c3cc([*:1])ccc3-4)ccc2-c2ccc([*:2])cc21;2->1,538.6161087,717.7813293,1.200576943
255,<polymer_spg>FC(F)(F)C(F)(OC(F)(C(F)(F)[*:1])[*:2])C(F)(F)F;2->1,361.9494377,586.5578901,1.349960662
588,<polymer_spg>CC1(C)CC(c2ccc([*:1])cc2)=CC=C1N1C(=O)C(=O)N([*:2])C1=O;2->1,565.0329369,730.4740941,-0.09800514
484,<polymer_spg>O=C(Cc1ccc(OCCO[*:1])cc1)[*:2];2->1,319.0690235,690.3290867,0.385855385
1105,<polymer_spg>O=C(COc1ccc([*:1])cc1)OC(=O)CO[*:2];2->1,339.9228581,688.766167,-2.882364183
926,<polymer_spg>c1cc(O[*:1])cc([*:2])c1;2->1,276.1446652,748.3199005,-1.682305492
144,<polymer_spg>CCCCCCCCCCCCCCC(CCCCC[*:1])[*:2];2->1,181.4615863,625.5400241,1.570144359
1027,<polymer_spg>O=C(Nc1ccc(CCc2ccc([*:1])cc2)cc1)Nc1ccc(CCc2ccccc2NC(=O)N[*:2])cc1;2->1,403.2610983,724.6767566,-2.180933656
950,<polymer_spg>O=C(NCCCCCCNC(=O)O[*:1])NCC[*:2];2->1,307.8386396,621.1886072,-1.78738649
131,<polymer_spg>CCCCCCCCCCC(C[*:1])[*:2];2->1,182.1620054,623.5113391,1.598779744
252,<polymer_spg>Cc1cccc(C(C[*:1])[*:2])c1;2->1,375.6272885,714.1917921,1.360534787
330,<polymer_spg>Cc1ccc(-c2ccc(C(C[*:1])[*:2])cc2)cc1;2->1,395.9373541,742.0760289,1.145115431
826,<polymer_spg>O=C1C(=O)N([*:1])C(=O)N1c1ccccc1CCc1ccc([*:2])cc1;2->1,496.4282624,747.7603514,-1.256695798
215,<polymer_spg>C1CCC(C(CC[*:1])[*:2])C1;2->1,344.5413585,678.2213237,1.414089539
533,<polymer_spg>c1cc([*:1])ccc1-c1cnc2cc3ncc([*:2])nc3cc2n1;2->1,631.9035074,801.2957137,0.166693731
932,<polymer_spg>CC1CN([*:1])C(C)CN1C(=O)Nc1ccc(-c2ccc(NC(=O)[*:2])cc2)cc1;2->1,492.6577656,704.3084328,-1.692730047
526,<polymer_spg>c1cc2ncc(-c3ccc([*:1])cc3)nc2cc1-c1ccc2ncc([*:2])nc2c1;2->1,559.3059822,797.6521841,0.186033894
1168,<polymer_spg>O=C(NC[*:1])N[*:2];2->1,444.799999,614.7073984,-6.754487332
397,<polymer_spg>COC(=O)C(C[*:1])[*:2];2->1,340.5880335,618.5668952,0.853548225
241,<polymer_spg>Cc1ccc(C(C)(C)C)cc1C(C[*:1])[*:2];2->1,308.4563169,662.6656839,1.373156926
154,<polymer_spg>CC(C)CCCC(CCC[*:1])[*:2];2->1,196.8270947,609.6195186,1.552148301
1148,<polymer_spg>Cc1ccc(NC(=O)O[*:1])cc1NC(=O)Nc1cccc2ccc([*:2])cc12;2->1,454.9766302,726.7487523,-3.653265718
261,<polymer_spg>Cc1ccccc1C(C[*:1])[*:2];2->1,375.8444319,714.8261866,1.34471062
127,<polymer_spg>COC(C[*:1])[*:2];2->1,260.4055465,570.3641292,1.6118153
921,<polymer_spg>O=C(N[*:1])c1ccc2c(c1)C(=O)N(c1ccc(Cc3ccc([*:2])cc3)cc1)C2=O;2->1,535.8993456,760.1968364,-1.665241807
751,<polymer_spg>CC(C)(c1ccc(N2C(=O)c3ccc(Oc4ccc5ccc(Oc6ccc7c(c6)C(=O)N([*:1])C7=O)cc5c4)cc3C2=O)cc1)c1ccc(C(C)(C)c2ccc([*:2])cc2)cc1;2->1,470.6429286,752.8292609,-0.929706973
621,<polymer_spg>C(CC[*:1])CSSCCSS[*:2];2->1,264.6875597,707.3745381,-0.29648432
150,<polymer_spg>CC(C)C(C[*:1])[*:2];2->1,216.6076079,593.6639231,1.560103656
581,<polymer_spg>C(CC[*:1])CSS[*:2];2->1,293.5170256,698.173443,-0.045843877
320,<polymer_spg>c1ccc(-c2cc(-c3cccc(-c4cc(-c5ccccc5)c(-c5ccc([*:1])cc5)c(-c5ccccc5)c4-c4ccccc4)c3)c(-c3ccccc3)c(-c3ccccc3)c2-c2ccc(CCCC[*:2])cc2)cc1;2->1,462.1050041,775.6004601,1.172258264
665,<polymer_spg>O=C(c1ccc(C(=O)[*:1])cc1-c1ccccc1)[*:2];2->1,464.5486487,766.890731,-0.494441345
464,<polymer_spg>CC(COCC(C)O[*:1])OC(=O)c1ccccc1C(=O)[*:2];2->1,302.1208172,668.08461,0.49542152
1099,<polymer_spg>O=C(NCCCCCC[*:1])NC1CC1NC(=O)N[*:2];2->1,388.4696994,645.8180164,-2.791641157
435,<polymer_spg>C(=Nc1ccc(-c2ccc([*:1])cc2)cc1)=N[*:2];2->1,485.791399,775.79271,0.59388036
1016,<polymer_spg>O=C(Oc1ccc(Oc2ccc(S(=O)(=O)c3ccc(Oc4ccc([*:1])cc4)cc3)cc2)cc1)O[*:2];2->1,404.4748648,712.4956265,-2.109651537
531,<polymer_spg>CC(c1ccccc1)(c1ccc(OC(=O)O[*:1])c(C2CCCCC2)c1)c1ccc([*:2])c(C2CCCCC2)c1;2->1,438.1341679,725.8138804,0.176905924
352,<polymer_spg>c1cc(-c2ccc([*:1])cc2)ccc1CC[*:2];2->1,427.3101082,757.9950052,1.070072512
95,<polymer_spg>CCCCC(C(CCCC)[*:1])[*:2];2->1,200.6608449,619.4173943,1.682150733
113,<polymer_spg>CCc1cc(C[*:1])ccc1C[*:2];2->1,315.9607343,712.6209115,1.653160262
960,<polymer_spg>O=C(NCCCCCCCC[*:1])NCc1ccc(CNC(=O)N[*:2])cc1;2->1,325.9475668,656.8332466,-1.848573759
37,<polymer_spg>CC(CC[*:1])C(C)[*:2];2->1,276.5776843,599.4838011,2.166074441
143,<polymer_spg>FC(F)(C[*:1])[*:2];2->1,260.8656968,588.0933174,1.570816087
442,<polymer_spg>CC1CC2CC1C1C(CC[*:1])CC([*:2])C21;2->1,387.0864233,717.707407,0.569121068
158,<polymer_spg>C1CCC(CCC(C[*:1])[*:2])CC1;2->1,333.7066446,666.6228308,1.542974829
1111,<polymer_spg>Cc1ccc(NC(=O)Nc2ccc(O[*:1])cc2)cc1NC(=O)Nc1ccc([*:2])cc1;2->1,462.6905961,716.5005568,-2.980230059
40,<polymer_spg>C(=C[*:1])CC[*:2];2->1,171.9977534,656.3941184,2.156280978
545,<polymer_spg>C(C[*:1])N[*:2];2->1,376.9619208,582.5255502,0.129773523
1162,<polymer_spg>OC(C[*:1])[*:2];2->1,314.4067741,584.3198629,-4.123782159
937,<polymer_spg>O=C(NCCCO[*:1])c1ccc(C(=O)NCCC[*:2])cc1;2->1,379.3655153,672.2055935,-1.712827468
700,<polymer_spg>O=C(NCCCOCCCNC(=O)[*:1])OCCO[*:2];2->1,290.9366912,615.1536376,-0.697402075
472,<polymer_spg>O=C(OCCn1c2c(n(CCO[*:1])c1=O)CCCC2)c1ccc(C(=O)[*:2])cc1;2->1,420.7781893,706.7217207,0.437723849
236,<polymer_spg>CCCCCCCCCCCCCCOC(=O)C(C[*:1])[*:2];2->1,219.1537023,629.4560222,1.3846289
92,<polymer_spg>CCCC(C[*:1])[*:2];2->1,206.7941918,616.4109149,1.698414219
1038,<polymer_spg>O=C(Oc1ccc(Oc2ccc([*:1])cc2)cc1)O[*:2];2->1,384.2405178,731.9114095,-2.201008474
789,<polymer_spg>O=C(NCCCOC1CCC(OCCCNC(=O)c2ccc([*:1])cc2)CC1)c1ccc(OCCO[*:2])cc1;2->1,396.0204245,678.6533339,-1.069391848
571,<polymer_spg>CC(C[*:1])(C(=O)O)[*:2];2->1,388.8027844,613.2073195,0.004681162
808,<polymer_spg>CCC(C)(c1ccc(OC(=O)O[*:1])cc1)c1ccc([*:2])cc1;2->1,415.7224868,710.9953378,-1.173712814
610,<polymer_spg>C(C[*:1])S[*:2];2->1,375.9616044,670.2208541,-0.266449
687,<polymer_spg>ClC(C[*:1])[*:2];2->1,301.1830861,532.3076033,-0.642030365
1136,<polymer_spg>CCC(=NO)c1cc(CNC(=O)N[*:1])c(O)c(C[*:2])c1O;2->1,485.0658286,660.7251901,-3.312504036
47,<polymer_spg>C(=C[*:1])CCC[*:2];2->1,176.8557363,650.6671513,2.027028569
1074,<polymer_spg>O=C(NCCCCCCNC(=O)Nc1ccc([*:1])cc1)Nc1ccc(O[*:2])cc1;2->1,419.6507865,686.9179862,-2.48791731
62,<polymer_spg>CC(O[*:1])[*:2];2->1,235.3938589,576.9428966,1.871627824
79,<polymer_spg>CCC(CC)C(C[*:1])[*:2];2->1,238.6200104,613.3406572,1.759275014
299,<polymer_spg>CCOC(=O)C(C)(C[*:1])[*:2];2->1,339.9613583,614.3844128,1.235906059
193,<polymer_spg>CCCCCCCc1ccc(C(C[*:1])[*:2])cc1;2->1,290.7670132,682.3391398,1.458416911
235,<polymer_spg>CCCCCCc1ccc2c([*:1])ccc(C=C[*:2])c2c1;2->1,326.0342973,728.3450646,1.385147437
181,<polymer_spg>CCCCCCCCCCCCc1ccc(C(C[*:1])[*:2])cc1;2->1,259.1070026,668.5021065,1.484550319
938,<polymer_spg>COC(=O)C(CCCCNC(=O)NCCCCC[*:1])NC(=O)N[*:2];2->1,319.4341815,620.5475286,-1.714300995
825,<polymer_spg>O=C1C(=O)N(c2ccc(CCc3ccccc3[*:1])cc2)C(=O)N1c1ccc(CCc2ccccc2N2C(=O)C(=O)N([*:2])C2=O)cc1;2->1,474.8282624,747.7599035,-1.256695798
892,<polymer_spg>CCC1(C)C(=O)N([*:1])C(=O)N1C(=O)c1ccc2c(c1)C(=O)N(c1ccc(Oc3ccc(N4C(=O)c5ccc(C(=O)[*:2])cc5C4=O)cc3)cc1)C2=O;2->1,549.2402437,749.4407151,-1.542443871
9,<polymer_spg>C[Si](C)(CCC[*:1])[*:2];2->1,181.2033888,496.5844941,3.109763273
554,<polymer_spg>FC(F)(C(F)(Cl)[*:1])[*:2];2->1,399.0905067,547.3811099,0.074594343
969,<polymer_spg>O=C(Oc1ccc(C2(c3ccc([*:1])cc3)c3ccccc3-c3ccccc32)cc1)O[*:2];2->1,551.5352579,773.0780106,-1.877389274
553,<polymer_spg>C1CC2CC1C1CC([*:1])C([*:2])C21;2->1,593.6721886,755.5604775,0.079891481
861,<polymer_spg>O=C1c2ccc(Oc3cc4ccccc4cc3Oc3ccc4c(c3)C(=O)N([*:1])C4=O)cc2C(=O)N1c1ccc(Oc2ccc(-c3ccc(Oc4ccc([*:2])cc4)cc3)cc2)cc1;2->1,462.8440697,770.0163506,-1.403809803
619,<polymer_spg>O=C(OC(=O)c1ccc(O[*:1])cc1)c1ccc(OCCCCCC[*:2])cc1;2->1,344.890299,702.0220441,-0.278431141
453,<polymer_spg>O=C(CCCCC(=O)NCCC[*:1])NCCCOC1CCC(O[*:2])CC1;2->1,339.2311066,638.2416842,0.537276457
382,<polymer_spg>CC1(C)C2CCC1(C)C(OC(=O)C(C[*:1])[*:2])C2;2->1,389.8802717,664.9550975,0.912594206
934,<polymer_spg>O=C(OCCOC(=O)c1ccc([*:1])cc1)c1ccc(OCCO[*:2])cc1;2->1,372.794285,698.8773184,-1.701912917
1081,<polymer_spg>N#Cc1c(O[*:1])cccc1[*:2];2->1,343.4443865,773.1589182,-2.57138305
331,<polymer_spg>CC(C)COC(=O)C(C[*:1])[*:2];2->1,285.5781069,616.3200151,1.13951809
422,<polymer_spg>Clc1ccc(C(C[*:1])[*:2])cc1;2->1,385.6573309,667.2674454,0.632523584
1021,<polymer_spg>O=C(OC(=O)c1ccccc1C(=O)OC(=O)c1ccc([*:1])cc1)c1ccc(OCCO[*:2])cc1;2->1,374.0076461,723.3086792,-2.150311002
262,<polymer_spg>FC(F)(F)C(F)(F)C(F)(F)C(F)(F)C(F)(F)C(F)(C(F)(F)[*:1])[*:2];2->1,368.8616102,587.4804145,1.342548099
1042,<polymer_spg>O=C(NCCOCCO[*:1])Nc1ccc(Cc2ccc(NC(=O)NCC[*:2])cc2)cc1;2->1,379.9376574,673.8182816,-2.23072801
6,<polymer_spg>C[Si](C)(O[*:1])[*:2];2->1,155.5648608,444.4732863,3.68584341
266,<polymer_spg>CC(c1ccc([*:1])cc1)[*:2];2->1,441.6336406,731.680969,1.326880059
1116,<polymer_spg>O=C(NCCCCCCNC(=O)O[*:1])Nc1cccc([*:2])c1;2->1,359.6704109,668.2813744,-3.05196574
38,<polymer_spg>C(=CC[*:1])C[*:2];2->1,171.9977534,656.3941184,2.156280978
583,<polymer_spg>c1cc([*:1])[nH]c1[*:2];2->1,647.2494965,789.848916,-0.053109418
1008,<polymer_spg>O=C(NCCCCCC[*:1])NCCCCNC(=O)N[*:2];2->1,304.1989621,620.7794432,-2.053633472
1132,<polymer_spg>O=C(Nc1ccc(Cc2ccc(NC(=O)O[*:1])cc2)cc1)Nc1cccc2ccc([*:2])cc12;2->1,466.0364601,738.8818787,-3.258021586
943,<polymer_spg>O=S(=O)(c1ccc(Oc2ccc(-c3ccc(-c4ccc(O[*:1])cc4)cc3)cc2)cc1)c1ccc(-c2ccc(S(=O)(=O)c3ccc([*:2])cc3)cc2)cc1;2->1,450.50552,723.7213268,-1.734711412
1063,<polymer_spg>O=C(NCCC[*:1])Nc1ccc(Cc2ccc(NC(=O)O[*:2])cc2)cc1;2->1,408.7877495,696.7030179,-2.405161339
271,<polymer_spg>CCCCCCCCOC(=O)C(C[*:1])[*:2];2->1,244.4961312,629.8546843,1.307003224
140,<polymer_spg>CCCCCCCCCCC(CCCCC[*:1])[*:2];2->1,185.6841718,624.7792677,1.580891535
957,<polymer_spg>O=C(NCCCCCCCCNC(=O)N[*:1])Nc1ccc(Cc2ccc([*:2])cc2)cc1;2->1,377.202584,683.9910542,-1.825389136
194,<polymer_spg>CC(C)c1ccc(C(C)(C[*:1])[*:2])cc1;2->1,356.364768,675.7074704,1.454439444
105,<polymer_spg>Cc1cc(C)c(C(C[*:1])[*:2])cc1C;2->1,362.7879983,683.486052,1.670882417
830,<polymer_spg>COc1cc(C(=O)OC(=O)c2ccc([*:1])c(OC)c2)ccc1OCCCO[*:2];2->1,379.5199857,684.2587271,-1.264654917
724,<polymer_spg>CC1(C)C(=O)N(c2ccc([*:1])cc2)C(=O)N1c1ccc(O[*:2])cc1;2->1,512.9939891,726.5448743,-0.794131554
118,<polymer_spg>C1CCCC(C(C[*:1])[*:2])CC1;2->1,384.3299733,672.6163805,1.63476822
604,<polymer_spg>CC(C)(c1ccc(CNC(=O)OC(c2ccco2)C(OC(=O)NC[*:1])c2ccco2)o1)c1ccc([*:2])o1;2->1,380.4254112,695.0771094,-0.232648586
20,<polymer_spg>FC1(F)C(F)(F)C(F)([*:1])C(F)(F)C1(F)C(F)(F)[*:2];2->1,616.7330957,611.8341976,2.340027105
358,<polymer_spg>COCCOC(=O)C(C[*:1])[*:2];2->1,300.9151434,607.2282545,1.028040996
242,<polymer_spg>Cc1ccc(C(C)(C)C)cc1C(C[*:1])[*:2];2->1,308.4563169,662.6656839,1.373156926
50,<polymer_spg>CCC(C)(C[*:1])[*:2];2->1,304.4365451,587.095818,1.996498778
162,<polymer_spg>Cc1ccc(C(C[*:1])[*:2])cc1C;2->1,368.508929,697.2099216,1.536872818
403,<polymer_spg>COc1cc([*:1])ccc1N[*:2];2->1,493.9999621,694.3032712,0.807645798
811,<polymer_spg>O=C(c1ccc(Oc2ccc(S(=O)c3ccc(O[*:1])cc3)cc2)cc1)c1ccc([*:2])cc1;2->1,422.5201435,732.9932776,-1.188871018
842,<polymer_spg>Cc1cc([*:1])ccc1NC(=O)NCC1(C)CC(NC(=O)O[*:2])CC(C)(C)C1;2->1,477.0198195,657.0544255,-1.30694024
788,<polymer_spg>Cc1ccc(NC(=O)O[*:1])cc1NC(=O)OCCOCCOCC[*:2];2->1,360.1317163,647.6933339,-1.061691324
624,<polymer_spg>CC1(C)C(=O)N(CCOC(=O)c2ccc(C(=O)OCC[*:1])cc2)C(=O)N1CN1C(=O)N([*:2])C(=O)C1(C)C;2->1,493.6440197,678.1104635,-0.303569877
390,<polymer_spg>FC(c1ccccc1)(C(F)(F)[*:1])[*:2];2->1,391.5653531,681.6883823,0.896288212
495,<polymer_spg>OOCC(C[*:1])[*:2];2->1,257.1241226,583.818636,0.35603579
574,<polymer_spg>C(CSSCC[*:1])O[*:2];2->1,282.404205,675.9030744,-0.02291362
682,<polymer_spg>O=C(Nc1ccc(C(=O)OCCCCCCCCCC[*:1])cc1)O[*:2];2->1,337.0452651,667.7918729,-0.637743726
310,<polymer_spg>C1CC(C(C[*:1])[*:2])C1;2->1,351.9899567,695.1738221,1.202965185
301,<polymer_spg>c1ccc(-c2cc(-c3cccc(-c4cc(-c5ccccc5)c(-c5ccc([*:1])cc5)c(-c5ccccc5)c4-c4ccccc4)c3)c(-c3ccccc3)c(-c3ccccc3)c2-c2ccc(CCCCCCCCCC[*:2])cc2)cc1;2->1,440.7219016,762.9396694,1.235598518
211,<polymer_spg>C1CCC(CC(C[*:1])[*:2])C1;2->1,340.4608826,676.3068956,1.423497244
172,<polymer_spg>CCCCCCCCCCCCCCCCCCc1ccc(C(C[*:1])[*:2])cc1;2->1,237.2347189,659.0815746,1.498883033
862,<polymer_spg>COc1cc(C(=O)OC(=O)c2ccc([*:1])c(OC)c2)ccc1OCCO[*:2];2->1,387.1698708,686.5265424,-1.408302997
546,<polymer_spg>CC(C)(c1ccc([*:1])cc1)c1ccc(OC(=O)O[*:2])cc1C1CCCCC1;2->1,411.8316033,710.3758925,0.12464799
1039,<polymer_spg>O=C(Oc1cccc(Oc2cccc([*:1])c2)c1)O[*:2];2->1,341.3793413,731.9114095,-2.201008474
713,<polymer_spg>O=C(NCCCCCCCCCCCC[*:1])NCCCCCCNC(=O)N[*:2];2->1,270.5644897,623.1550755,-0.755834167
1072,<polymer_spg>O=C1N(c2ccc([*:1])cc2)C(=O)N1[*:2];2->1,604.4090053,759.3230127,-2.456322003
999,<polymer_spg>O=C(OC(=O)c1ccc(C(=O)OC(=O)c2ccc([*:1])cc2)cc1)c1ccc(OCCCO[*:2])cc1;2->1,387.4548149,720.1646535,-2.00251436
39,<polymer_spg>C(=C[*:1])CC[*:2];2->1,171.9977534,656.3941184,2.156280978
408,<polymer_spg>c1ccc(-n2c(-c3ccc([*:1])cc3)nnc2[*:2])cc1;2->1,569.7646554,778.6544129,0.770230219
998,<polymer_spg>O=C(NCCCCCC[*:1])Nc1ccccc1CCc1ccccc1NC(=O)N[*:2];2->1,321.7937919,686.4275201,-1.9944628
731,<polymer_spg>O=C(OCCOC(=O)[*:1])c1ccc([*:2])o1;2->1,366.9701628,691.3151231,-0.851872865
703,<polymer_spg>OCCCC1OC([*:1])C(COCCOCCO)C(O)C1OC1OC(COCCOCCO)C(O[*:2])C(O)C1O;2->1,402.8463695,606.0733439,-0.717019096
156,<polymer_spg>Cc1cc(C)cc(C(C[*:1])[*:2])c1;2->1,368.3157292,696.6428389,1.550699199
222,<polymer_spg>CC(C)c1ccc(C(C)C)c(C(C[*:1])[*:2])c1;2->1,307.7257974,669.2263863,1.401669692
837,<polymer_spg>Cc1ccc(C2(c3ccc(C)cc3)C(=O)N([*:1])C(=O)N2C(=O)c2ccc(N=Nc3ccc(C(=O)[*:2])cc3)cc2)cc1;2->1,497.5515129,745.5155284,-1.30249054
210,<polymer_spg>CCCCCCCCc1cc([*:1])[nH]c1[*:2];2->1,358.9358537,686.1758087,1.424026234
344,<polymer_spg>FC(F)(c1ccc([*:1])cc1)C(F)(F)[*:2];2->1,396.6600404,672.9614648,1.104052485
306,<polymer_spg>CC(C)(C)C(C[*:1])[*:2];2->1,172.7082795,569.8029114,1.225345471
1001,<polymer_spg>CC(C)(CNC(=O)C(C[*:1])[*:2])CS(O)(O)O;2->1,245.8796364,547.4955326,-2.004489804
1144,<polymer_spg>Cc1ccc(NC(=O)O[*:1])cc1NC(=O)NCc1ccccc1[*:2];2->1,353.8675024,702.4786345,-3.443924357
1093,<polymer_spg>O=C(NCCCCCC[*:1])NCCNC(=O)N[*:2];2->1,318.1124389,619.8207004,-2.646390902
378,<polymer_spg>c1cc([*:1])ccc1[*:2];2->1,627.5771998,785.384337,0.922957054
167,<polymer_spg>C(C[*:1])[*:2];2->1,196.2521136,628.5908925,1.527047757
985,<polymer_spg>Cc1ccc(NC(=O)NCCNCCNO[*:1])cc1N=C[*:2];2->1,352.9996527,653.9357781,-1.9330009
728,<polymer_spg>O=C(CCCCC(=O)[*:1])NCCCCCCN[*:2];2->1,295.5496,632.5269835,-0.839406151
12,<polymer_spg>C(C=C[*:1])=C[*:2];2->1,146.9881141,694.458456,2.862259324
68,<polymer_spg>CC1CCCCC1C(C[*:1])[*:2];2->1,396.9678398,663.6073763,1.852226458
90,<polymer_spg>CCCCc1cc(CC[*:1])ccc1[*:2];2->1,361.8165064,697.9093246,1.724256569
380,<polymer_spg>c1cc([*:1])cc([*:2])c1;2->1,405.8171998,785.384337,0.922957054
372,<polymer_spg>C(CCOCN[*:1])CC[*:2];2->1,265.541959,594.7157294,0.961703606
258,<polymer_spg>C(C[*:1])O[*:2];2->1,200.3648342,585.07483,1.349352716
304,<polymer_spg>C(O[*:1])[*:2];2->1,203.1452131,564.7552179,1.225824559
1044,<polymer_spg>Cc1ccc(NC(=O)N[*:1])cc1NC(=O)NCCCCCC[*:2];2->1,355.9469993,661.0326166,-2.244502001
410,<polymer_spg>FC1(F)OC(C(F)(F)[*:1])([*:2])OC1(F)F;2->1,348.21461,617.8417643,0.745494374
1128,<polymer_spg>O=C(Nc1ccc(Cc2ccc([*:1])cc2)cc1)Nc1cc(NC(=O)N[*:2])cc(C(=O)Nc2ccc3c(c2)C(=O)c2ccccc2C3=O)c1;2->1,454.2166282,745.377283,-3.121616098
548,<polymer_spg>O=C(NCCCCCCNC(=O)[*:1])OCCOCCOCC#CC#CCOCCOCCO[*:2];2->1,267.9487986,631.7501732,0.10364536
42,<polymer_spg>CCCCC(=CCC[*:1])[*:2];2->1,202.0991184,637.8343931,2.097077771
208,<polymer_spg>CCCCc1ccc(C(C[*:1])[*:2])cc1;2->1,322.5121265,696.454874,1.425271522
609,<polymer_spg>Cc1cc(C(C)(C)c2ccc(O[*:1])c(C)c2)ccc1Oc1ccc(C=CC(=O)c2ccc([*:2])cc2)cc1;2->1,398.6115032,725.7818268,-0.258354839
805,<polymer_spg>CC(C)(c1ccc(Oc2ccc(C(=O)c3ccc(C(=O)c4ccc([*:1])cc4)cc3)cc2)cc1)c1ccc(O[*:2])cc1;2->1,416.0189187,745.2650758,-1.158815897
678,<polymer_spg>O=C(NCCCCCCCCCCCCCC[*:1])NCCCCCCNC(=O)N[*:2];2->1,265.220885,623.5389649,-0.566100364
515,<polymer_spg>O=C(OCCO[*:1])c1ccc(OCCCCCC(=O)[*:2])cc1;2->1,329.3356269,672.7460432,0.266539291
285,<polymer_spg>c1ccc(CC(C[*:1])[*:2])cc1;2->1,374.2491612,720.8127234,1.281601543
818,<polymer_spg>CC(C)(c1ccc(N2C(=O)c3ccc(Oc4ccc5cc(Oc6ccc7c(c6)C(=O)N([*:1])C7=O)ccc5c4)cc3C2=O)cc1)c1ccc([*:2])cc1;2->1,489.1983122,761.9844138,-1.226691337
71,<polymer_spg>FC(F)(F)C(F)(F)C1(F)OC(F)([*:1])C(F)([*:2])O1;2->1,536.0768387,611.6198592,1.814813742
179,<polymer_spg>CCCCCCCCc1c([*:1])sc([*:2])c1CCCCCCCC;2->1,292.9103194,658.1903175,1.485586434
601,<polymer_spg>CC(COC(=O)CCCCC(=O)O[*:1])[*:2];2->1,260.2963813,632.1195889,-0.218799696
493,<polymer_spg>O=C(CCCCCCCC(=O)[*:1])OCCOCCO[*:2];2->1,240.5270196,626.9790368,0.36509763
116,<polymer_spg>CCC(C)CCC(C[*:1])[*:2];2->1,213.1020421,609.1222856,1.649521094
293,<polymer_spg>CCCCCCCCC1(CCCCCCCC)c2cc(-c3ccc4c(c3)C3(CC(C)(C)CC(C)(C)C3)c3cc([*:1])ccc3-4)ccc2-c2ccc([*:2])cc21;2->1,558.6605587,714.247265,1.256439754
76,<polymer_spg>CCC(C(CC)[*:1])[*:2];2->1,224.7385055,613.3069348,1.783635846
48,<polymer_spg>FC1(F)OC(F)([*:1])C(F)(C(F)(F)C(F)(F)[*:2])C1(F)F;2->1,517.3421723,609.5499672,2.024483416
1107,<polymer_spg>Cc1ccc(NC(=O)N[*:1])cc1[*:2];2->1,435.3191702,698.9295074,-2.898704635
332,<polymer_spg>CCOCCOC(=O)C(C[*:1])[*:2];2->1,286.2464681,616.9120328,1.138484373
656,<polymer_spg>CCOC(O)C(CN)(C[*:1])[*:2];2->1,314.6384177,573.2956415,-0.440230972
1143,<polymer_spg>Cc1ccc(NC(=O)NCc2ccccc2[*:1])cc1NC(=O)O[*:2];2->1,353.8675024,702.4786345,-3.443924357
409,<polymer_spg>Cn1c(-c2cccc([*:1])c2)nc2cc(-c3ccc4c(c3)nc([*:2])n4C)ccc21;2->1,588.8460536,769.8303311,0.752712066
671,<polymer_spg>Cc1cc(C(C)(C)c2ccc([*:1])c(C)c2)ccc1OC(=O)O[*:2];2->1,412.2252815,696.8130058,-0.525428186
288,<polymer_spg>CCCOC(=O)C(C)(C[*:1])[*:2];2->1,320.3612276,615.9381121,1.274909463
524,<polymer_spg>C[N+](C)(CCCNC(=O)NCCC[N+](C)(C)CC[*:1])CCO[*:2];2->1,278.8552311,560.3956549,0.222618709
157,<polymer_spg>C1CCC(CCCC(C[*:1])[*:2])CC1;2->1,318.3023749,663.1188494,1.543791732
337,<polymer_spg>c1ccc(C(=C(c2ccccc2)[*:1])c2ccc([*:2])cc2)cc1;2->1,435.3583235,776.6622949,1.125390823
496,<polymer_spg>C1CC2CC1C([*:1])C2[*:2];2->1,641.9116764,749.255749,0.35550462
46,<polymer_spg>CC(C)(CC[*:1])[*:2];2->1,189.5849523,576.2583736,2.060270401
995,<polymer_spg>O=C(NCCCCCCNC(=O)N[*:1])Nc1ccc(CCc2ccc([*:2])cc2)cc1;2->1,383.9045496,686.0334967,-1.983384243
462,<polymer_spg>CCC(C[*:1])S[*:2];2->1,322.8706871,637.7186557,0.499213854
439,<polymer_spg>O=C(OCCO[*:1])c1ccc(OCCCCCCCCCCC(=O)[*:2])cc1;2->1,302.0576716,663.8576889,0.5794355
177,<polymer_spg>CCCCCCCCCCCCCCc1ccc(C(C[*:1])[*:2])cc1;2->1,250.4862957,664.7756573,1.490548851
867,<polymer_spg>O=C(NCCCN(CCC[*:1])c1ccccc1)N[*:2];2->1,360.1803215,666.2947873,-1.442158183
424,<polymer_spg>c1cc(-c2ccn([*:1])n2)ccc1-c1ccn(-c2ccc([*:2])cc2)n1;2->1,524.6581695,780.3426309,0.630854481
325,<polymer_spg>c1ccc(-c2cc(-c3ccc(-c4cc(-c5ccccc5)c(-c5ccc([*:1])cc5)c(-c5ccccc5)c4-c4ccccc4)cc3)c(-c3ccccc3)c(-c3ccccc3)c2-c2ccc(CCC[*:2])cc2)cc1;2->1,467.8768355,777.9462774,1.159705526
350,<polymer_spg>CCCCOOCC(C[*:1])[*:2];2->1,231.6316146,601.1718525,1.072849127
447,<polymer_spg>c1ccc(-c2nc3ccc(-c4ccc5nc(-c6ccccc6)c([*:1])nc5c4)cc3nc2-c2cccc([*:2])c2)cc1;2->1,509.0152951,794.6281143,0.558622609
17,<polymer_spg>CC(C(C)[*:1])[*:2];2->1,317.0052333,588.6941252,2.463200609
707,<polymer_spg>Cc1cc(Cc2cc(C)c([*:1])c(C)c2)cc(C)c1N1C(=O)c2ccc(Oc3ccc4ccc(Oc5ccc6c(c5)C(=O)N([*:2])C6=O)cc4c3)cc2C1=O;2->1,521.2107142,754.0469465,-0.740775345
613,<polymer_spg>O=C(NCCCCCCCCCCCCCC[*:1])NCCCCCCCCCCNC(=O)N[*:2];2->1,256.5637366,624.1640286,-0.267728897
1087,<polymer_spg>Cc1ccc(NC(=O)O[*:1])cc1NC(=O)NCCC[*:2];2->1,374.0822983,667.6051794,-2.621664068
345,<polymer_spg>c1ccc(C(C[*:1])[*:2])cc1;2->1,384.9894309,736.4679156,1.099934127
699,<polymer_spg>O=C(NCCCCNC(=O)[*:1])OCCOCCO[*:2];2->1,290.9366912,615.1536376,-0.697402075
313,<polymer_spg>CCCCCCCOOCC(C[*:1])[*:2];2->1,214.6974035,607.8670833,1.199915556
958,<polymer_spg>O=C(C[*:1])O[*:2];2->1,290.3039829,641.5289499,-1.828913674
451,<polymer_spg>c1cc([*:1])c2cccc([*:2])c2c1;2->1,495.5979259,805.3385325,0.552096848
170,<polymer_spg>CCCCCCCCCCCCCCCCCCCc1ccc(C(C[*:1])[*:2])cc1;2->1,234.5369309,657.9274079,1.500451077
1167,<polymer_spg>O=C1N(C(=O)[*:1])CN1[*:2];2->1,545.6521132,712.1409103,-6.140261434
133,<polymer_spg>CCCCCCCCCCCC(C[*:1])[*:2];2->1,180.8088005,623.9014711,1.593278833
952,<polymer_spg>CC(C)(CNC(=O)C(C[*:1])[*:2])CS([O-])(O)O;2->1,273.0339221,560.3804243,-1.807991691
78,<polymer_spg>C(=C[*:1])CCCCCCCC[*:2];2->1,186.5606652,639.4639524,1.773891764
346,<polymer_spg>c1ccc(C(C[*:1])[*:2])cc1;2->1,384.9894309,736.4679156,1.099934127
396,<polymer_spg>CC(C)(C)OOCC(C[*:1])[*:2];2->1,212.5151317,573.1043466,0.868148136
389,<polymer_spg>C1CCC2C(C1)CC([*:1])C2[*:2];2->1,598.0944825,721.5542101,0.909463925
385,<polymer_spg>c1ccc(-c2ccc(-c3cccc(C(C[*:1])[*:2])c3)cc2)cc1;2->1,410.076701,765.5076927,0.909578588
119,<polymer_spg>CCCCCCC(C[*:1])[*:2];2->1,190.9583811,620.9754781,1.634467839
766,<polymer_spg>O=C(OCCN1CCC(=O)N([*:1])C1=O)c1ccc(C(=O)OCC[*:2])cc1;2->1,446.8998026,693.2492807,-0.97131526
1031,<polymer_spg>O=C(OC(=O)c1cccc([*:1])c1)c1cccc(OCCO[*:2])c1;2->1,362.9772075,716.5156845,-2.186827814
229,<polymer_spg>C1CCC(C(C[*:1])[*:2])C1;2->1,365.8186411,685.4612761,1.390542388
953,<polymer_spg>O=C(OCC[*:1])C(=O)O[*:2];2->1,289.9455678,646.1561009,-1.809878635
21,<polymer_spg>CC(=CC[*:1])C[*:2];2->1,199.0049524,632.3912232,2.294857797
1036,<polymer_spg>O=C(Nc1ccccc1CCc1ccccc1[*:1])N[*:2];2->1,350.6087375,725.1491795,-2.194560926
685,<polymer_spg>ClC(C[*:1])[*:2];2->1,301.1830861,532.3076033,-0.642030365
250,<polymer_spg>Cc1cccc(C(C[*:1])[*:2])c1;2->1,375.6272885,714.1917921,1.360534787
243,<polymer_spg>CCc1ccccc1C(C[*:1])[*:2];2->1,354.5411733,711.4248976,1.370585616
742,<polymer_spg>Cc1ccc(N2C(=O)C(=O)N([*:1])C2=O)cc1N1C(=O)C(=O)N(CCCCCC[*:2])C1=O;2->1,500.8660671,711.283732,-0.89494869
35,<polymer_spg>CCCC(=CCC[*:1])[*:2];2->1,207.4488256,639.1837412,2.180143077
848,<polymer_spg>CC(c1ccccc1)(c1ccc(Oc2ccc(S(=O)(=O)c3ccc(O[*:1])cc3)cc2)cc1)c1ccc([*:2])cc1;2->1,437.0856915,723.5804767,-1.326009661
507,<polymer_spg>O=C(NCCCCCCNC(=O)[*:1])OCCOCCOCCOCCOCCOCCO[*:2];2->1,250.0129979,604.2234461,0.296784297
622,<polymer_spg>CC(C)(c1ccc(CNC(=O)OCc2ccc(COC(=O)NC[*:1])o2)o1)c1ccc([*:2])o1;2->1,335.5776216,683.0235411,-0.296719251
874,<polymer_spg>CC1(C)C(=O)N([*:1])C(=O)N1C(=O)c1ccc(N=Nc2ccc(C(=O)[*:2])cc2)cc1;2->1,519.2133797,728.7743362,-1.467594203
109,<polymer_spg>Cc1cc(CC[*:1])ccc1[*:2];2->1,413.9138312,716.1641653,1.660886906
379,<polymer_spg>c1cc([*:1])ccc1[*:2];2->1,506.1371998,785.384337,0.922957054
582,<polymer_spg>C(CCC[*:1])CCSSCCSS[*:2];2->1,253.9170256,698.1724251,-0.045843877
171,<polymer_spg>CCCCCCCCCCCCCCCCCCCc1ccc(C(C[*:1])[*:2])cc1;2->1,234.5369309,657.9274079,1.500451077
238,<polymer_spg>CCc1ccc(C(C[*:1])[*:2])cc1;2->1,354.3501416,710.8578149,1.384364785
718,<polymer_spg>O=C(Oc1ccc(C2(c3ccc([*:1])cc3)CC3CCC2C3)cc1)O[*:2];2->1,507.7627162,744.2452216,-0.765074542
813,<polymer_spg>O=C(Nc1cccc(C(=O)OCCCCCC[*:1])c1)O[*:2];2->1,336.0189226,676.1461872,-1.201630211
1146,<polymer_spg>O=C(CCCCC(=O)[*:1])NC(=O)NCCCCCNC(=O)N[*:2];2->1,337.8203694,638.1677439,-3.504007724
321,<polymer_spg>CCCCCCOOCC(C[*:1])[*:2];2->1,219.3033701,606.0309543,1.166272466
847,<polymer_spg>Cc1ccc(N2C(=O)C(=O)N([*:1])C2=O)cc1N1C(=O)C(=O)N(c2ccccc2CCc2ccc([*:2])cc2)C1=O;2->1,507.042939,744.1752912,-1.317032295
155,<polymer_spg>Cc1cc(C)cc(C(C[*:1])[*:2])c1;2->1,368.3157292,696.6428389,1.550699199
987,<polymer_spg>O=C(c1ccc(O[*:1])cc1)c1cccc(C(=O)c2ccc([*:2])cc2)c1;2->1,433.4589738,760.9450392,-1.934098586
125,<polymer_spg>CCCCC(CCCCC[*:1])[*:2];2->1,198.3524429,622.4969953,1.613069054
456,<polymer_spg>O=C(CCCCCCCCOCCCCCCCCC(=O)NCCCCC[*:1])NCCCCCO[*:2];2->1,242.7712821,622.4898177,0.529536028
66,<polymer_spg>CC1CCCC(C(C[*:1])[*:2])C1;2->1,396.8572788,661.9091173,1.860852506
605,<polymer_spg>O=C(NCCCOC1CCC(O[*:1])CC1)c1ccc(C(=O)NCCC[*:2])cc1;2->1,400.302161,672.2936794,-0.242809149
880,<polymer_spg>CC(C)(c1ccc(Oc2ccc(S(=O)(=O)c3ccc(-c4ccc(S(=O)(=O)c5ccc([*:1])cc5)cc4)cc3)cc2)cc1)c1ccc(O[*:2])cc1;2->1,425.6918842,705.764396,-1.480795555
1129,<polymer_spg>O=C(Nc1ccc(Cc2ccc([*:1])cc2)cc1)Nc1cc(NC(=O)N[*:2])cc(C(=O)Nc2cccc3c2C(=O)c2ccccc2C3=O)c1;2->1,454.2560685,745.5006522,-3.125488032
178,<polymer_spg>CCCCCCCCCCCCCCc1ccc(C(C[*:1])[*:2])cc1;2->1,250.4862957,664.7756573,1.490548851
906,<polymer_spg>O=C(c1ccc(Oc2ccc(O[*:1])cc2)cc1)c1ccccc1-c1ccccc1C(=O)c1ccc([*:2])cc1;2->1,394.0359443,762.751325,-1.568163225
415,<polymer_spg>c1ccc(-c2nc(NCCCCCCN[*:1])nc([*:2])n2)cc1;2->1,367.4667053,705.0433669,0.69631709
100,<polymer_spg>CC(CCCCC[*:1])[*:2];2->1,212.5046619,615.0387757,1.675972213
702,<polymer_spg>O=C(Nc1ccc(Oc2ccc(NC(=O)[*:1])cc2)cc1)OCCO[*:2];2->1,473.5976089,698.9057938,-0.711248455
817,<polymer_spg>CC(C#N)(C[*:1])[*:2];2->1,432.1103282,676.3317918,-1.207251439
334,<polymer_spg>CCOC(C[*:1])(C(=O)OC1CCCCC1)[*:2];2->1,384.422562,651.7624708,1.127787918
913,<polymer_spg>ClC(=C(Cl)[*:1])C(Cl)(Cl)C(Cl)(Cl)[*:2];2->1,324.4548321,491.8648472,-1.577632551
220,<polymer_spg>CC(C)c1ccc(C(C)C)c(C(C[*:1])[*:2])c1;2->1,307.7257974,669.2263863,1.401669692
391,<polymer_spg>c1ccc([*:1])c([*:2])c1;2->1,443.1246138,786.3695669,0.896168022
1100,<polymer_spg>O=C(NCCCCCCNC(=O)O[*:1])NCc1ccccc1[*:2];2->1,293.0658664,664.7832283,-2.794624281
309,<polymer_spg>C(#C[*:1])CCCCCC[*:2];2->1,234.6322006,674.6283807,1.203376108
1012,<polymer_spg>O=C(CCC(=O)O[*:1])Oc1ccc(C(=O)CCCCC(=O)c2ccc([*:2])cc2)cc1;2->1,378.2330303,709.2867088,-2.073978968
1090,<polymer_spg>O=C(NCC[*:1])Nc1ccc(Cc2ccc(NC(=O)O[*:2])cc2)cc1;2->1,418.5202834,699.7716901,-2.643407061
527,<polymer_spg>c1cc2nc([*:1])cnc2cc1-c1ccc2ncc(-c3ccc([*:2])cc3)nc2c1;2->1,577.5829053,797.6521841,0.186033894
654,<polymer_spg>O=C(C=CC1C=CC([*:1])=CC1=C1c2ccccc2-c2ccccc21)c1ccc(Oc2ccc(-c3ccc(O[*:2])cc3)cc2)cc1;2->1,423.6464275,773.6365481,-0.435885745
245,<polymer_spg>FC(F)(F)OC(OC(F)(F)F)(C(F)(F)[*:1])[*:2];2->1,303.2845269,585.3648019,1.370070772
518,<polymer_spg>O=C(OCCO[*:1])c1ccc(OCCCOc2ccc(C(=O)[*:2])cc2)cc1;2->1,359.9404487,695.9974846,0.251588607
704,<polymer_spg>O=C(COCCO[*:1])NC(=O)C(N1CCCCCC1)[*:2];2->1,381.0246651,643.3018443,-0.719736284
695,<polymer_spg>O=C(O)C(C[*:1])[*:2];2->1,362.7583768,635.9545349,-0.672034581
955,<polymer_spg>O=C(CCc1ccc([*:1])cc1)NCCCCCCNC(=O)CO[*:2];2->1,329.6507757,665.1922469,-1.817220659
104,<polymer_spg>Cc1cc(C)c(C(C[*:1])[*:2])c(C)c1;2->1,362.7879983,683.486052,1.670882417
1152,<polymer_spg>O=C(Nc1ccc([*:1])cc1)Nc1cc(NC(=O)N[*:2])cc(C(=O)Nc2ccc3c(c2)C(=O)c2ccccc2C3=O)c1;2->1,465.2907461,743.6996983,-3.684501971
831,<polymer_spg>CCCC(c1ccc(OC(=O)O[*:1])cc1)c1ccc([*:2])cc1;2->1,391.4811606,717.1614935,-1.27860452
51,<polymer_spg>CC(C)(CCC[*:1])[*:2];2->1,190.7148724,584.9791885,1.970563052
602,<polymer_spg>Cc1cc(C)c(OC(=O)O[*:1])c(Cc2cc(C)cc(C)c2[*:2])c1;2->1,341.4602344,698.6076351,-0.219642737
354,<polymer_spg>c1cc([*:1])ccc1C[*:2];2->1,461.3883727,755.0145604,1.063827299
460,<polymer_spg>CC(C)(c1ccc(OC(=O)O[*:1])c(C2CCCCC2)c1)c1ccc([*:2])c(C2CCCCC2)c1;2->1,420.4250233,709.0537331,0.513381172
22,<polymer_spg>Cc1cc([*:1])c(C)cc1C[*:2];2->1,538.7506141,707.3281907,2.292730698
374,<polymer_spg>C(CCCCCO[*:1])CCCCOO[*:2];2->1,204.927548,609.9245939,0.947695896
538,<polymer_spg>O=C(Oc1ccc(C2(c3ccc(OC(=O)[*:1])cc3)OC(=O)c3ccccc32)cc1)c1ccc(C2(c3ccc([*:2])cc3)OC(=O)c3ccccc32)cc1;2->1,539.3490387,765.0704943,0.161137782
218,<polymer_spg>CCCCCCCCCCCCCCCCCCOC(=O)C(C[*:1])[*:2];2->1,209.6303054,629.3051095,1.411817102
585,<polymer_spg>FC(Cl)(C(F)(F)[*:1])[*:2];2->1,377.9705067,547.3811099,-0.078237504
891,<polymer_spg>CC1(C)CC(NC(=O)O[*:1])CC(C)(CNC(=O)NCc2ccccc2[*:2])C1;2->1,394.3990876,658.738116,-1.53801929
1117,<polymer_spg>O=C(NCc1ccccc1[*:1])Nc1ccc(Cc2ccc(NC(=O)O[*:2])cc2)cc1;2->1,388.0214155,720.7276079,-3.068800036
890,<polymer_spg>O=C(NCCCCCCNC(=O)O[*:1])NCCC[*:2];2->1,301.0079715,621.6148234,-1.533124717
205,<polymer_spg>FC(F)(O[*:1])C(F)(F)[*:2];2->1,271.6045269,585.3656849,1.435570135
959,<polymer_spg>O=S(=O)(c1ccc(Oc2ccc(O[*:1])cc2)cc1)c1ccc(-c2ccc(-c3ccc(S(=O)(=O)c4ccc([*:2])cc4)cc3)cc2)cc1;2->1,453.6862699,716.1121143,-1.842628709
497,<polymer_spg>CCCCCC(C(=O)OCCOCCO[*:1])C(=O)[*:2];2->1,242.4898624,626.1483865,0.349381599
516,<polymer_spg>O=C(C=CC(=O)[*:1])OCCOCCOCCO[*:2];2->1,241.9012748,627.9137504,0.265947741
375,<polymer_spg>c1cc(-c2ccn(CCCCCC[*:1])n2)cc(-c2ccn([*:2])n2)c1;2->1,399.7352375,732.2302651,0.941775141
185,<polymer_spg>C(=C[*:1])c1ccc([*:2])cc1;2->1,415.6394903,761.4685439,1.476186976
404,<polymer_spg>Fc1c(F)c([*:1])c(F)c(F)c1S[*:2];2->1,656.2232878,680.397905,0.80727913
733,<polymer_spg>CCc1cc(C(=O)c2cccc(C(=O)c3ccc([*:1])c(C(C)C)c3)c2)ccc1O[*:2];2->1,395.4133418,730.3854422,-0.861437457
401,<polymer_spg>c1ccc(-c2c(-c3ccccc3)c3cc([*:1])ccc3c3ccc([*:2])cc23)cc1;2->1,583.285365,800.7131587,0.823579424
690,<polymer_spg>O=C(NCCOCCOCCNC(=O)[*:1])OCCO[*:2];2->1,287.2511817,608.6645119,-0.660660512
858,<polymer_spg>O=C(c1ccc([*:1])o1)[*:2];2->1,476.071264,754.1999258,-1.387166255
441,<polymer_spg>CCC(CC)(c1ccc(OC(=O)O[*:1])c(C2CCCCC2)c1)c1ccc([*:2])c(C2CCCCC2)c1;2->1,404.9611162,707.4028314,0.571286996
132,<polymer_spg>CCCCCCC(CCCCC[*:1])[*:2];2->1,192.7220054,623.5113391,1.598779744
173,<polymer_spg>CCCCCCCCCCCCCCCCCCc1ccc(C(C[*:1])[*:2])cc1;2->1,237.2347189,659.0815746,1.498883033
428,<polymer_spg>c1ccc(-c2nc3cc4nc(-c5ccccc5)c([*:1])nc4cc3nc2-c2cccc([*:2])c2)cc1;2->1,590.4902479,796.3507981,0.61754076
738,<polymer_spg>CCN(CCCNC(=O)N[*:1])CCC[*:2];2->1,298.0268851,609.0067699,-0.880347632
1149,<polymer_spg>Cc1ccc(NC(=O)Nc2cccc3ccc([*:1])cc23)cc1NC(=O)O[*:2];2->1,454.9766302,726.7487523,-3.653265718
991,<polymer_spg>O=C(c1ccc(Oc2ccc(S(=O)(=O)c3ccc(O[*:1])cc3)cc2)cc1)c1cccc(C(=O)c2ccc([*:2])cc2)c1;2->1,430.4066439,731.4977848,-1.96512379
820,<polymer_spg>CC(C)(c1ccc(OCC(O)COc2ccc(C(=O)c3ccc(OCC(O)CO[*:1])cc3)cc2)cc1)c1ccc([*:2])cc1;2->1,387.1537548,696.1539332,-1.231491222
96,<polymer_spg>c1ccc([Si](CCC[*:1])(c2ccccc2)[*:2])cc1;2->1,346.7317519,686.8697824,1.67991586
769,<polymer_spg>O=C(CCCCCN[*:1])[*:2];2->1,327.2178116,632.5279622,-0.98185403
635,<polymer_spg>O=C(CCCCS(=O)(=O)CCCCC(=O)[*:1])OCCOCCO[*:2];2->1,270.0625391,603.9885539,-0.330336853
499,<polymer_spg>O=C(OCCO[*:1])c1ccc(OCCCCCCC(=O)[*:2])cc1;2->1,322.8033535,670.6272208,0.344633684
74,<polymer_spg>FC(F)(F)C(F)(F)C1(C(F)(F)F)OC(F)([*:1])C(F)([*:2])O1;2->1,550.4415797,607.5143039,1.7953953
89,<polymer_spg>C1=CCC(C(C[*:1])[*:2])CC1;2->1,375.9358053,693.0503988,1.727394716
792,<polymer_spg>c1cc(N[*:1])ccc1CO[*:2];2->1,469.4156667,701.2652627,-1.086586678
741,<polymer_spg>CC(C)(c1ccc(OCCCCO[*:1])cc1)c1ccc(Oc2ccc(S(=O)(=O)c3ccc(Oc4ccc(C(C)(C)c5ccc([*:2])cc5)cc4)cc3)cc2)cc1;2->1,392.0729389,701.408811,-0.891474897
0,<polymer_spg>C([Si][*:1])[*:2];2->1,178.9693114,453.171845,4.696603931
558,<polymer_spg>ClCC(CO[*:1])[*:2];2->1,255.9904457,555.7028428,0.059525136
683,<polymer_spg>O=C(Nc1cccc(C(=O)OCCCCCCCCCC[*:1])c1)O[*:2];2->1,310.8748303,667.7918729,-0.637743726
392,<polymer_spg>c1ccc([*:1])c([*:2])c1;2->1,321.6846138,786.3695669,0.896168022
476,<polymer_spg>O=C(CCCCCCCCCCOCCCC(=O)NCCCCCO[*:1])NCCCCC[*:2];2->1,247.3691972,621.9080187,0.417691957
1164,<polymer_spg>O=C(NCC[*:1])N[*:2];2->1,400.6904046,616.9674971,-4.709965389
519,<polymer_spg>O=C(c1ccc(OCCO[*:1])cc1)[*:2];2->1,390.3745694,698.8780638,0.2463941
107,<polymer_spg>CCC(CCC[*:1])[*:2];2->1,210.3156876,618.4396118,1.670039549
923,<polymer_spg>O=C(NCCCCCCCCC[*:1])Nc1ccc(Cc2ccc(NC(=O)N[*:2])cc2)cc1;2->1,370.9678924,682.0888494,-1.681101431
942,<polymer_spg>O=S(=O)(c1ccc(Oc2ccc(-c3ccc(O[*:1])cc3)cc2)cc1)c1ccc(-c2ccc(-c3ccc(S(=O)(=O)c4ccc([*:2])cc4)cc3)cc2)cc1;2->1,450.50552,723.7213268,-1.734711412
828,<polymer_spg>O=C(NCCCCCCC[*:1])N[*:2];2->1,305.834686,622.1812203,-1.261228246
223,<polymer_spg>CCCCCCCCCCCCCCCCOC(=O)C(C[*:1])[*:2];2->1,213.9368088,629.3734266,1.399651968
833,<polymer_spg>O=C(CO[*:1])NCCCCCNC(=O)C[*:2];2->1,310.4202529,623.4674306,-1.294145931
327,<polymer_spg>FC(F)(F)OC(F)(F)C(F)(F)c1nc(C(F)(F)C(F)(F)C(F)(F)C(F)(F)[*:1])nc([*:2])n1;2->1,361.7219272,620.4146564,1.158329171
102,<polymer_spg>Cc1cc(C)c(C(C[*:1])[*:2])c(C)c1;2->1,362.7879983,683.486052,1.670882417
1084,<polymer_spg>O=C(Nc1ccc(O[*:1])cc1)Nc1ccccc1CCc1ccccc1NC(=O)Nc1ccc([*:2])cc1;2->1,413.4793882,726.541723,-2.589787295
620,<polymer_spg>C(CSS[*:1])C[*:2];2->1,312.2075597,707.3757058,-0.29648432
475,<polymer_spg>c1cc2nc(CCCCCCCC[*:1])[nH]c2cc1-c1ccc2nc([*:2])[nH]c2c1;2->1,485.5163253,747.5885856,0.420302679
213,<polymer_spg>FC(F)(O[*:1])C(F)(F)C(F)(F)[*:2];2->1,275.4357825,586.0024917,1.420302046
135,<polymer_spg>CCCCCCCCC(CCCCC[*:1])[*:2];2->1,188.7003571,624.2358699,1.588561537
246,<polymer_spg>CC(C)c1ccc(C(C[*:1])[*:2])cc1;2->1,341.2013545,692.9155067,1.368496687
1151,<polymer_spg>Cc1ccc(NC(=O)Nc2cccc3cccc([*:1])c23)cc1NC(=O)O[*:2];2->1,455.0462775,726.9736262,-3.660294218
866,<polymer_spg>O=C1C(=O)N(c2ccc(Oc3ccc([*:1])cc3)cc2)C(=O)N1c1ccc(CCc2ccccc2N2C(=O)C(=O)N([*:2])C2=O)cc1;2->1,497.4011936,749.4967557,-1.436083023
984,<polymer_spg>O=C(N1CCN([*:1])CC1)[*:2];2->1,500.8165422,672.757507,-1.922051836
846,<polymer_spg>Cc1ccc(N2C(=O)C(=O)N(c3ccccc3CCc3ccc([*:1])cc3)C2=O)cc1N1C(=O)C(=O)N([*:2])C1=O;2->1,507.042939,744.1752912,-1.317032295
935,<polymer_spg>O=C(OCCOC(=O)c1cccc([*:1])c1)c1cccc(OCCO[*:2])c1;2->1,342.434285,698.8773184,-1.701912917
810,<polymer_spg>FC(Cl)(C(F)(Cl)[*:1])[*:2];2->1,487.8323398,516.9886241,-1.186524729
795,<polymer_spg>CC(C)(c1ccc(Oc2ccc3c(c2)C(=O)N(c2cccc(N4C(=O)c5ccc([*:1])cc5C4=O)c2)C3=O)cc1)c1ccc(O[*:2])cc1;2->1,524.2857931,756.013584,-1.107875582
365,<polymer_spg>c1ccc2c(c1)CC([*:1])C2[*:2];2->1,438.9076796,779.1255255,1.005079228
248,<polymer_spg>C1CC([*:1])CC1C[*:2];2->1,372.9511988,692.6055773,1.368069693
26,<polymer_spg>CC(C=C[*:1])C[*:2];2->1,199.1890801,634.2374668,2.264752805
838,<polymer_spg>CCC1(C)C(=O)N([*:1])C(=O)N1C(=O)c1ccc(N=Nc2ccc(C(=O)[*:2])cc2)cc1;2->1,518.5049111,727.0600264,-1.305756118
417,<polymer_spg>C=CC#Cc1cc([*:1])c2ccc3ccc([*:2])c4ccc1c2c34;2->1,671.9777668,819.3014355,0.690900647
736,<polymer_spg>CC(c1ccccc1)(c1ccc(Oc2ccc(C=CC(=O)c3ccc([*:1])cc3)cc2)cc1)c1ccc(O[*:2])cc1;2->1,417.0039015,749.7063363,-0.876031612
680,<polymer_spg>n1onc([*:1])c1[*:2];2->1,550.8481926,768.826822,-0.589908986
729,<polymer_spg>O=C(OCCCCCC[*:1])c1ccc(Oc2ccc(C(=O)O[*:2])cc2)cc1;2->1,354.5133011,702.0220441,-0.842722375
3,<polymer_spg>C[Si](C[*:1])[*:2];2->1,220.0979681,447.6687632,4.010413602
134,<polymer_spg>CCCCCCCCCCCCC(C[*:1])[*:2];2->1,179.6489285,624.2358699,1.588561537
355,<polymer_spg>CC(C)(c1cccc(OC(=O)[*:1])c1)c1cccc(O[*:2])c1;2->1,359.4526796,712.5522285,1.05420728
292,<polymer_spg>CCCCCCOC(=O)C(C[*:1])[*:2];2->1,259.1351026,630.0830145,1.258459018
698,<polymer_spg>CC(C)(c1ccc(Oc2ccc(C=CC(=O)c3ccc([*:1])cc3)cc2)cc1)c1ccc(O[*:2])cc1;2->1,396.9557617,736.9145996,-0.697170207
1003,<polymer_spg>COC(=O)C(CCCC[*:1])NC(=O)NCC(C)NC(=O)N[*:2];2->1,344.0527683,616.2918262,-2.014944114
1125,<polymer_spg>Cc1cc([*:1])ccc1NC(=O)Nc1cc(NC(=O)O[*:2])ccc1C;2->1,453.3489197,700.5224019,-3.115385299
961,<polymer_spg>O=C1c2ccc(Oc3ccc4cc(O[*:1])ccc4c3)cc2C(=O)N1c1cccc(N2C(=O)c3ccc([*:2])cc3C2=O)c1;2->1,507.8228769,775.264823,-1.850610376
228,<polymer_spg>CC(C)Cc1ccc(C(C[*:1])[*:2])cc1;2->1,326.3920459,685.1833096,1.390983675
643,<polymer_spg>O=C(CC(=O)[*:1])OCCOCCO[*:2];2->1,264.3358982,626.2040559,-0.373935196
225,<polymer_spg>FC(C[*:1])[*:2];2->1,284.4139696,598.2987995,1.394526064
226,<polymer_spg>FC(C[*:1])[*:2];2->1,284.4139696,598.2987995,1.394526064
369,<polymer_spg>CC(C)(CS[*:1])C[*:2];2->1,282.0759254,617.1315107,0.971439552
887,<polymer_spg>O=C1C(=O)N(c2cccc([*:1])n2)C(=O)N1CCCCCCN1C(=O)C(=O)N([*:2])C1=O;2->1,512.5130148,716.9321636,-1.53092352
339,<polymer_spg>COC(=O)C(C)(C[*:1])[*:2];2->1,366.3400683,601.4419126,1.123503655
419,<polymer_spg>C1CC([*:1])C2CCC([*:2])C12;2->1,676.5624144,733.609058,0.675730252
896,<polymer_spg>O=C(c1ccc(Oc2ccc(O[*:1])cc2)cc1)c1ccc([*:2])cc1;2->1,430.481156,754.8945131,-1.549526472
603,<polymer_spg>Cc1ccc(N2C(=O)C([*:1])C([*:2])C2=O)c(C)c1;2->1,437.3465312,723.6234751,-0.221823276
1054,<polymer_spg>Cc1ccc(NC(=O)NCCCC[*:1])cc1NC(=O)O[*:2];2->1,364.2154095,665.5266344,-2.323559909
265,<polymer_spg>CCCCCCCCCCCCCCOOCC(C[*:1])[*:2];2->1,196.1201315,615.3874982,1.329116069
454,<polymer_spg>c1ccc(-c2nc(N(c3ccccc3)c3ncnc(N(c4ccccc4)[*:1])n3)nc([*:2])n2)cc1;2->1,437.9289005,765.6708322,0.536509667
63,<polymer_spg>CC(O[*:1])[*:2];2->1,235.3938589,576.9428966,1.871627824
992,<polymer_spg>NC(=O)C(CC(C[*:1])C(=O)O)CC(C(N)=O)[*:2];2->1,350.5956016,627.8293777,-1.970158749
360,<polymer_spg>c1ccc(C(C[*:1])c2ccc([*:2])cc2)cc1;2->1,436.9505749,756.0040778,1.024089598
237,<polymer_spg>CCc1cccc(C(C[*:1])[*:2])c1;2->1,354.3501416,710.8578149,1.384364785
650,<polymer_spg>O=C(CCCCOc1ccc(C(=O)O[*:1])cc1)OCCCCCC[*:2];2->1,308.6569024,666.9461068,-0.413492947
112,<polymer_spg>CCCCCCCCc1cc([*:1])c(CCCCCCCC)cc1C#C[*:2];2->1,307.9657477,680.5996725,1.653525655
836,<polymer_spg>Cc1cc([*:1])ccc1NC(=O)NCC1CC(C)(C)CC(C)(NC(=O)O[*:2])C1;2->1,476.9366809,657.6354354,-1.300641051
532,<polymer_spg>C(C#C[*:1])#Cc1c2ccccc2c([*:2])c2ccccc12;2->1,435.067278,823.4624551,0.176607483
577,<polymer_spg>C(CC[*:1])CSCS[*:2];2->1,282.7994695,665.8647386,-0.038727839
126,<polymer_spg>COC(C[*:1])[*:2];2->1,260.4055465,570.3641292,1.6118153
259,<polymer_spg>CCCCCCOC(=O)C(C)(C[*:1])[*:2];2->1,281.2530939,619.0632508,1.347398611
1086,<polymer_spg>Cc1ccc(NC(=O)NCCC[*:1])cc1NC(=O)O[*:2];2->1,374.0822983,667.6051794,-2.621664068
721,<polymer_spg>O=C(COc1ccc(OCC(=O)O[*:1])cc1)OC(=O)c1cccc(C(=O)[*:2])c1;2->1,377.4597704,708.3352029,-0.783565813
924,<polymer_spg>O=C(c1ccc(Oc2ccc(O[*:1])cc2)cc1)c1cccc(C(=O)c2ccc([*:2])cc2)c1;2->1,425.3366615,757.9812743,-1.681517877
986,<polymer_spg>O=C(c1ccc(O[*:1])cc1)c1ccc(C(=O)c2ccc([*:2])cc2)cc1;2->1,438.9685391,760.9450392,-1.934098586
137,<polymer_spg>CCCCCCCCCCCCCC(C[*:1])[*:2];2->1,178.6437195,624.5256821,1.584471548
916,<polymer_spg>O=C(NCCCCCCCC[*:1])NCCCCNC(=O)N[*:2];2->1,293.182791,621.5490739,-1.608184486
7,<polymer_spg>C[Si](C)(CC[*:1])[*:2];2->1,178.6556702,474.8312816,3.402074413
502,<polymer_spg>O=C(CCCCCCCCOCCCC(=O)NCCCCCO[*:1])NCCCCC[*:2];2->1,250.9773575,621.4542322,0.328086195
631,<polymer_spg>Cc1ccc(NC(=O)OC(C)C(=O)OCCOCCOCCOC(=O)C(C)O[*:1])cc1NC(=O)[*:2];2->1,329.0214643,642.8545076,-0.315459979
371,<polymer_spg>c1ccc(-c2ccc(C(C[*:1])[*:2])cc2)cc1;2->1,402.8850471,757.1177627,0.9661588
911,<polymer_spg>CC(C)(c1ccc(OCC(=O)OC(=O)CO[*:1])cc1)c1ccc([*:2])cc1;2->1,382.1632351,693.9337096,-1.573137834
411,<polymer_spg>COC(=O)C(C[*:1])(c1ccccc1)[*:2];2->1,402.4493795,692.2863241,0.723493371
407,<polymer_spg>CC(C)(C[*:1])S[*:2];2->1,300.6113661,600.0617556,0.783461424
1138,<polymer_spg>OC1C(C[*:1])OC(O[*:2])C(O)C1O;2->1,393.6225812,615.4780589,-3.344152093
901,<polymer_spg>O=C1c2ccc(Oc3ccc4cc(Oc5ccc6c(c5)C(=O)N([*:1])C6=O)ccc4c3)cc2C(=O)N1c1cccc(Oc2ccc([*:2])cc2)c1;2->1,496.0863327,771.2398374,-1.563105412
353,<polymer_spg>c1cc([*:1])ccc1C[*:2];2->1,461.3883727,755.0145604,1.063827299
153,<polymer_spg>CC(C)CCCC(C)C(C[*:1])[*:2];2->1,208.3014467,601.6409798,1.556269715
566,<polymer_spg>O=C(OCCCCCCOC(=O)OCCCCCC[*:1])OCCCCCCN1C(=O)c2ccc(Oc3ccc4c(c3)C(=O)N([*:2])C4=O)cc2C1=O;2->1,379.1214487,690.7065388,0.017738405
542,<polymer_spg>C(CS[*:1])C[*:2];2->1,331.6543732,662.3366142,0.1373413
343,<polymer_spg>CC(C)OC(=O)C(C[*:1])[*:2];2->1,300.4251867,619.0695804,1.104137891
305,<polymer_spg>C(O[*:1])[*:2];2->1,203.1452131,564.7552179,1.225824559
612,<polymer_spg>O=C(NCCCCCCCCCCCCCCCCCC[*:1])NCCCCCCNC(=O)N[*:2];2->1,256.5637366,624.1640286,-0.267728897
823,<polymer_spg>O=C(NCCCCCCCCCCCC[*:1])NCc1ccc(CNC(=O)N[*:2])cc1;2->1,306.852043,652.7543202,-1.250343032
280,<polymer_spg>CCCCCCCOC(=O)C(C[*:1])[*:2];2->1,251.2011603,629.9594442,1.285118266
977,<polymer_spg>O=C(OC(=O)c1ccc([*:1])cc1)c1ccc(O[*:2])cc1;2->1,417.1489731,740.6241747,-1.902942734
1041,<polymer_spg>O=C(NNC(=O)c1ccc(N=N[*:1])cc1)NC1CCC(CC2CCC(NC(=O)NNC(=O)c3ccc([*:2])cc3)CC2)CC1;2->1,425.8226217,695.0451634,-2.229334775
56,<polymer_spg>CC(C=CCCCCC[*:1])[*:2];2->1,197.9424347,631.683574,1.92898096
400,<polymer_spg>c1ccc(-c2cc([*:1])c([*:2])c3ccccc23)cc1;2->1,408.5547718,798.2001453,0.833444204
572,<polymer_spg>O=C(CCCOc1ccc(C(=O)[*:1])cc1)OCCO[*:2];2->1,345.7775082,677.6961694,0.003615831
473,<polymer_spg>O=C1C([*:1])C([*:2])C(=O)N1C1CCCCC1;2->1,451.9047597,714.4877159,0.435939114
468,<polymer_spg>O=C(CCCCCCCCCCOCCCCC(=O)NCCCCCO[*:1])NCCCCC[*:2];2->1,245.7384486,622.1139158,0.457657296
852,<polymer_spg>CC(C)(c1ccc(OC(=O)O[*:1])cc1)c1ccc([*:2])cc1;2->1,410.8412951,712.5522285,-1.339386334
1061,<polymer_spg>O=S(=O)(c1ccc(O[*:1])cc1)c1cccc([*:2])c1;2->1,447.7476665,693.4137338,-2.365707571
1102,<polymer_spg>Cc1cc(NC(=O)Nc2ccc(Cc3ccc(NC(=O)O[*:1])cc3)cc2)ccc1[*:2];2->1,440.1757314,719.1699764,-2.881191836
1088,<polymer_spg>O=C(NCOC(=O)Nc1ccc(Cc2ccc(NC(=O)[*:1])cc2)cc1)NCO[*:2];2->1,406.8662719,686.546325,-2.622737836
776,<polymer_spg>c1ccc(-c2cc([*:1])cc(-c3ccccc3)c2O[*:2])cc1;2->1,456.6303451,772.0218843,-1.004198994
504,<polymer_spg>O=C(OCCO[*:1])c1cccc(OCCCCOc2cccc(C(=O)[*:2])c2)c1;2->1,325.3879672,693.3443277,0.322009551
1166,<polymer_spg>Cc1c(NC(=O)NN(CCO)[*:1])cccc1NC(=O)[*:2];2->1,451.3232688,661.1343158,-4.910094889
720,<polymer_spg>CC(C)(c1ccc(OC(=O)O[*:1])cc1)c1cccc(C(C)(C)c2ccc([*:2])cc2)c1;2->1,393.9536712,709.5337252,-0.767961126
1145,<polymer_spg>O=C(CCCCC(=O)NNC(=O)Nc1ccc([*:1])cc1)NNC(=O)Nc1ccc(N=N[*:2])cc1;2->1,431.3339535,688.0468758,-3.455373936
648,<polymer_spg>O=C(NC1CCC(CC2CCC([*:1])CC2)CC1)N[*:2];2->1,423.7429576,671.6954322,-0.407474838
679,<polymer_spg>CC(C)CC(CC(C)C)(c1ccc(OC(=O)O[*:1])cc1)c1ccc([*:2])cc1;2->1,354.4855751,685.490107,-0.569666805
550,<polymer_spg>CC(C)(C(=O)[*:1])[*:2];2->1,274.9701554,618.5707773,0.099862131
781,<polymer_spg>O=C1C(=O)N(c2ccc(Cc3ccc([*:1])cc3)cc2)C(=O)N1CCCCCCN1C(=O)C(=O)N([*:2])C1=O;2->1,502.4579176,724.2331242,-1.020296914
300,<polymer_spg>c1ccc(-c2cc(-c3ccc(-c4cc(-c5ccccc5)c(-c5ccc([*:1])cc5)c(-c5ccccc5)c4-c4ccccc4)cc3)c(-c3ccccc3)c(-c3ccccc3)c2-c2ccc(CCCCCCCCCC[*:2])cc2)cc1;2->1,442.38927,762.9396694,1.235598518
878,<polymer_spg>Cc1ccc(NC(=O)O[*:1])cc1NC(=O)OCCOCC[*:2];2->1,384.1927826,657.5362671,-1.474197874
1097,<polymer_spg>CC(CNC(=O)Nc1ccc(Cc2ccc([*:1])cc2)cc1)NC(=O)N[*:2];2->1,421.1167743,692.9074223,-2.716769802
570,<polymer_spg>CC(C[*:1])(C(O)OCC(CO[O-])[N+](C)(C)C)[*:2];2->1,278.0987724,556.5788436,0.010991579
163,<polymer_spg>Cc1ccc(C(C[*:1])[*:2])c(C)c1;2->1,368.508929,697.2099216,1.536872818
636,<polymer_spg>O=C(Nc1cccc(C(=O)[*:1])c1)OCCCCCO[*:2];2->1,348.443649,678.8223373,-0.331823981
666,<polymer_spg>CCCCN(CCCNC(=O)N[*:1])CCC[*:2];2->1,280.0470452,611.5808329,-0.499747053
336,<polymer_spg>CCCOC(=O)C(C[*:1])[*:2];2->1,294.9772907,630.6359239,1.127061125
59,<polymer_spg>FC(F)(F)OC1([*:1])OC(F)(F)OC1(F)[*:2];2->1,528.8932057,614.3601197,1.90725627
1049,<polymer_spg>CC(=O)C(COc1ccc(S(=O)(=O)c2ccc([*:1])cc2)cc1)CO[*:2];2->1,416.0279839,669.9642078,-2.285988532
53,<polymer_spg>CCCCCCCC(=CCC[*:1])[*:2];2->1,191.877993,635.2778684,1.939676522
490,<polymer_spg>O=C(CCCCCCCCOCCCCC(=O)NCCCCCO[*:1])NCCCCC[*:2];2->1,249.1115302,621.6885843,0.37462656
326,<polymer_spg>c1ccc(-c2cc(-c3cccc(-c4cc(-c5ccccc5)c(-c5ccc([*:1])cc5)c(-c5ccccc5)c4-c4ccccc4)c3)c(-c3ccccc3)c(-c3ccccc3)c2-c2ccc(CCC[*:2])cc2)cc1;2->1,466.0403138,777.9462774,1.159705526
449,<polymer_spg>c1ccc2c([*:1])ccc([*:2])c2c1;2->1,593.8059259,805.3385325,0.552096848
815,<polymer_spg>CC(C)(c1ccc(Oc2ccc(S(=O)(=O)c3ccc(O[*:1])cc3)cc2)cc1)c1ccc([*:2])cc1;2->1,419.458852,707.4120428,-1.202987895
915,<polymer_spg>O=C(NCCCCCC[*:1])N[*:2];2->1,316.942791,621.5498392,-1.608184486
437,<polymer_spg>c1cc2cc([*:1])ccc2cc1[*:2];2->1,542.6856914,804.1499568,0.58571937
670,<polymer_spg>CC(C)(c1ccc(Oc2ccc(S(=O)c3ccc(O[*:1])cc3)cc2)cc1)c1ccc([*:2])cc1;2->1,406.6804895,716.5060443,-0.522698147
563,<polymer_spg>O=C(CCOCCCCCCO[*:1])NCCCCCCNC(=O)CC[*:2];2->1,262.7210319,619.9945607,0.024843952
936,<polymer_spg>O=S(=O)(c1ccc(Oc2ccc(-c3ccc(O[*:1])cc3)cc2)cc1)c1ccc([*:2])cc1;2->1,436.0583711,723.5202562,-1.70472304
1092,<polymer_spg>O=C(NCCCC[*:1])N[*:2];2->1,347.8124389,619.821651,-2.646390902
786,<polymer_spg>O=C(NCc1ccc(CNC(=O)OC[*:1])o1)OCc1ccc([*:2])o1;2->1,331.6036641,681.8238709,-1.049481276
1070,<polymer_spg>Cc1ccc(NC(=O)N[*:1])cc1NC(=O)Nc1ccccc1CCc1ccc([*:2])cc1;2->1,404.608158,714.9016382,-2.449839794
219,<polymer_spg>CC(C)c1ccc(C(C[*:1])[*:2])c(C(C)C)c1;2->1,307.7257974,669.2263863,1.401669692
883,<polymer_spg>CC1(C)CC(NC(=O)Nc2ccc(O[*:1])cc2)CC(C)(CNC(=O)Nc2ccc([*:2])cc2)C1;2->1,484.7140378,679.142349,-1.504443314
586,<polymer_spg>Cc1ccc(NC(=O)[*:1])cc1NC(=O)OCCCOCCOCCO[*:2];2->1,321.4853432,646.9012442,-0.080356591
282,<polymer_spg>FC(F)(F)C(F)(C(F)(F)[*:1])[*:2];2->1,354.7816102,587.4811977,1.284326443
348,<polymer_spg>COCCCOC(=O)C(C[*:1])[*:2];2->1,287.0469882,609.3056061,1.094980786
893,<polymer_spg>O=C(NCCCCCCCCCC[*:1])Nc1ccc(Cc2ccc(NC(=O)N[*:2])cc2)cc1;2->1,365.1527199,680.3129181,-1.548802348
4,<polymer_spg>C[Si](C)(C[*:1])[*:2];2->1,175.0533273,444.4935383,3.831721718
1040,<polymer_spg>CC(CNC(=O)NCCCCCC[*:1])NC(=O)N[*:2];2->1,317.1678939,616.2291831,-2.219391743
463,<polymer_spg>O=C(Oc1ccc(C2(c3ccc([*:1])c(C4CCCCC4)c3)CCCCC2)cc1C1CCCCC1)O[*:2];2->1,433.0131473,720.5284081,0.496674542
1014,<polymer_spg>O=C1OC(=O)C([*:1])C1[*:2];2->1,559.3994615,728.2407877,-2.08501957
1007,<polymer_spg>O=S(=O)(c1ccc(O[*:1])cc1)c1ccc(-c2ccc(-c3ccc(S(=O)(=O)c4ccc([*:2])cc4)cc3)cc2)cc1;2->1,464.0379526,710.4570086,-2.028185237
1089,<polymer_spg>O=C(NCc1cccc(CNC(=O)N[*:1])c1)Nc1ccc(Cc2ccc([*:2])cc2)cc1;2->1,398.0277687,714.6281324,-2.633497663
517,<polymer_spg>c1cc(C(C[*:1])[*:2])ccn1;2->1,397.8963822,733.5710695,0.251880449
653,<polymer_spg>O=C(Oc1ccc(C2(c3ccc([*:1])cc3)CCCCC2)cc1)O[*:2];2->1,420.6098243,729.9549672,-0.426419756
573,<polymer_spg>O=C(OCCOCCO[*:1])c1ccccc1C(=O)[*:2];2->1,287.7618365,679.9215874,0.002141304
647,<polymer_spg>O=C(NCCCCCCCCCCCC[*:1])NCCCCCCCCCCNC(=O)N[*:2];2->1,260.6000417,623.8721403,-0.405471151
595,<polymer_spg>c1cc(-c2nc3cc(-c4ccc5[nH]c([*:1])nc5c4)ccc3[nH]2)cc([*:2])c1;2->1,656.427967,801.9657701,-0.151218918
227,<polymer_spg>CC(C)Cc1ccc(C(C[*:1])[*:2])cc1;2->1,326.3920459,685.1833096,1.390983675
534,<polymer_spg>c1cc([*:1])ccc1-c1cnc2cc3nc([*:2])cnc3cc2n1;2->1,631.9035074,801.2957137,0.166693731
1103,<polymer_spg>Cc1cc([*:1])ccc1NC(=O)Nc1ccc(Cc2ccc(NC(=O)O[*:2])cc2)cc1;2->1,440.1757314,719.1699764,-2.881191836
276,<polymer_spg>FC(C(F)(F)[*:1])[*:2];2->1,302.8283953,588.1835296,1.297867306
284,<polymer_spg>CC(C[*:1])(c1ccccc1)[*:2];2->1,399.9867136,707.9625851,1.281647445
470,<polymer_spg>CC(C)=C1C=C([*:1])C=CC1C1CCC(C)(c2ccc(Oc3ccc(C(=O)c4ccc(O[*:2])cc4)cc3)cc2)CC1;2->1,413.8215951,726.6914189,0.4396306
1067,<polymer_spg>O=C(OC(=O)c1ccc([*:1])cc1)c1ccc(OCO[*:2])cc1;2->1,408.2849367,721.0793645,-2.430402328
426,<polymer_spg>O=C(CCCCCCCCC(=O)[*:1])Oc1ccc(C(=O)c2ccc(O[*:2])cc2)cc1;2->1,347.9003466,704.3035205,0.621845762
800,<polymer_spg>CC1(C)CC(NC(=O)NCCNC(=O)N[*:1])CC(C)(C[*:2])C1;2->1,440.372484,621.0371384,-1.13046248
281,<polymer_spg>FC(F)(F)C(F)(C(F)(F)[*:1])[*:2];2->1,354.7816102,587.4811977,1.284326443
732,<polymer_spg>O=C(O)C(C[*:1])[*:2];2->1,337.4143768,635.9545349,-0.855432797
715,<polymer_spg>CC(c1ccccc1)(c1ccc(OC(=O)O[*:1])c(-c2ccccc2)c1)c1ccc([*:2])c(-c2ccccc2)c1;2->1,435.788221,753.2566431,-0.757847693
832,<polymer_spg>CC(C)C(c1ccc(OC(=O)O[*:1])cc1)c1ccc([*:2])cc1;2->1,393.836145,711.2159345,-1.290548971
120,<polymer_spg>CCC(CCCCC[*:1])[*:2];2->1,206.7983811,620.9754781,1.634467839
593,<polymer_spg>O=C(CCOCCCCO[*:1])NCCCCCCNC(=O)CC[*:2];2->1,268.9741788,619.2283898,-0.144149454
1159,<polymer_spg>OC1OC(OC2OC(OC3C(O)OC([*:1])C(O)C3O)C(O)C(O)C2O[*:2])C(O)C(O)C1O;2->1,565.6057293,617.5160116,-3.772468071
13,<polymer_spg>C(=C[*:1])[*:2];2->1,146.9881141,694.4631266,2.862259324
856,<polymer_spg>O=C(Oc1ccc(C2(c3ccc([*:1])cc3)CCCC2)cc1)O[*:2];2->1,431.2612438,735.027244,-1.356609728
455,<polymer_spg>C(CN[*:1])C[*:2];2->1,331.3925573,593.8391504,0.530557916
584,<polymer_spg>CC(C)(c1ccc(CNC(=O)OCc2ccc(COCc3ccc(COC(=O)NC[*:1])o3)o2)o1)c1ccc([*:2])o1;2->1,314.1369208,684.8105615,-0.05508706
147,<polymer_spg>CCCCCCCCCCCCCCCCCCCCC(C[*:1])[*:2];2->1,174.1661221,625.8166628,1.566233633
160,<polymer_spg>Cc1ccc(C(C[*:1])[*:2])c(C)c1;2->1,368.508929,697.2099216,1.536872818
1156,<polymer_spg>Cc1ccc(NC(=O)Nc2ccc([*:1])cc2)cc1NC(=O)O[*:2];2->1,449.131315,707.7694664,-3.752235343
750,<polymer_spg>CC(C)(c1ccc(N2C(=O)c3ccc(Oc4ccc5cc(Oc6ccc7c(c6)C(=O)N([*:1])C7=O)ccc5c4)cc3C2=O)cc1)c1ccc(C(C)(C)c2ccc([*:2])cc2)cc1;2->1,470.6429286,752.8292609,-0.929706973
881,<polymer_spg>COc1cc(C(=O)OC(=O)c2ccc(C(=O)OC(=O)c3ccc([*:1])c(OC)c3)cc2)ccc1OCCCO[*:2];2->1,381.4407367,699.3436289,-1.497865677
859,<polymer_spg>O=C1c2ccc(Oc3ccc4cc(Oc5ccc6c(c5)C(=O)N([*:1])C6=O)ccc4c3)cc2C(=O)N1c1ccc(Oc2ccc(-c3ccc(Oc4ccc([*:2])cc4)cc3)cc2)cc1;2->1,479.7044828,769.9208271,-1.400858568
945,<polymer_spg>O=C(c1ccc(Oc2ccc(C(=O)c3cccc(C(=O)c4ccc([*:1])cc4)c3)cc2)cc1)c1ccc(O[*:2])cc1;2->1,425.6722212,759.7736021,-1.759089589
975,<polymer_spg>O=S(=O)(c1ccc(Oc2ccc(Sc3ccc(O[*:1])cc3)cc2)cc1)c1ccc([*:2])cc1;2->1,447.1646174,714.8206915,-1.896792424
195,<polymer_spg>CC(C)c1ccc(C(C)(C[*:1])[*:2])cc1;2->1,356.364768,675.7074704,1.454439444
191,<polymer_spg>CCCCCCCCc1ccc(C(C[*:1])[*:2])cc1;2->1,282.8443164,678.8540781,1.465580547
628,<polymer_spg>CC(C)(c1ccc(CNC(=O)OC(COC(=O)NC[*:1])c2ccco2)o1)c1ccc([*:2])o1;2->1,368.4496156,683.4189671,-0.311223785
536,<polymer_spg>O=C(CCCCOCCCCC(=O)NCCCCC[*:1])NCCCCCO[*:2];2->1,257.4635266,620.6447297,0.162835595
606,<polymer_spg>O=C(COc1ccc(OCC(=O)O[*:1])cc1)OC(=O)c1ccc(OCCCOc2ccc(C(=O)[*:2])cc2)cc1;2->1,365.7557057,702.6739232,-0.242875615
164,<polymer_spg>Cc1ccc(C)c(C(C[*:1])[*:2])c1;2->1,368.508929,697.2099216,1.536872818
106,<polymer_spg>CCCCC(C[*:1])[*:2];2->1,199.7556876,618.4396118,1.670039549
16,<polymer_spg>FC1(F)C(F)(F)C(F)(C(F)(F)[*:1])C(F)(F)C(F)([*:2])C1(F)F;2->1,630.9376799,607.9312588,2.488868849
575,<polymer_spg>c1c(C23CC4CC(CC(C4)C2)C3)cc([*:1])cc1[*:2];2->1,455.404587,763.1377975,-0.033929156
617,<polymer_spg>Cc1cc(C(C)(C)c2cc(C)c([*:1])c(C)c2)cc(C)c1Oc1ccc(S(=O)(=O)c2ccc(O[*:2])cc2)cc1;2->1,462.3417468,690.1640879,-0.277388216
927,<polymer_spg>c1cc([*:1])ccc1O[*:2];2->1,362.1332366,748.3199005,-1.682305492
540,<polymer_spg>O=C(CCCCCCO[*:1])NCCCCCCNC(=O)CCCCCC[*:2];2->1,259.0150092,625.6935449,0.157379653
329,<polymer_spg>FC(F)(c1cccc([*:1])c1)C(F)(F)C(F)(F)[*:2];2->1,334.3715988,654.0525939,1.149512526
480,<polymer_spg>C(CC[*:1])CS[*:2];2->1,304.8968361,656.9628214,0.392055685
498,<polymer_spg>c1cc([*:1])ccc1-c1nnc([*:2])o1;2->1,637.6437123,776.9654678,0.346304724
857,<polymer_spg>O=C(c1ccc(Oc2ccc(Oc3ccc(O[*:1])cc3)cc2)cc1)c1ccc([*:2])cc1;2->1,422.7451563,753.3020601,-1.3839244
1083,<polymer_spg>O=C(Nc1ccc(CCc2ccccc2NC(=O)Nc2ccc(O[*:1])cc2)cc1)Nc1ccc([*:2])cc1;2->1,431.5309538,726.3803476,-2.584971534
405,<polymer_spg>COC(=O)C(C[*:1])(c1ccccc1)[*:2];2->1,413.0093795,692.2863241,0.799909294
974,<polymer_spg>CC1(C)CC(NC(=O)O[*:1])CC(C)(CNC(=O)Nc2cccc3cccc([*:2])c23)C1;2->1,479.9426436,684.2734904,-1.896355185
93,<polymer_spg>CC(C)c1cc(C[*:1])ccc1C[*:2];2->1,384.0776595,694.5094768,1.694714378
809,<polymer_spg>CC(C)C(c1ccc(Oc2ccc(S(=O)(=O)c3ccc(O[*:1])cc3)cc2)cc1)c1ccc([*:2])cc1;2->1,408.8934608,706.7845366,-1.177914791
433,<polymer_spg>ClC(CCCCCCCCCC[*:1])C(Cl)[*:2];2->1,241.4249158,578.9195051,0.610682205
83,<polymer_spg>CC(C[*:1])O[*:2];2->1,226.4200336,581.0478762,1.741509124
43,<polymer_spg>CC(C)C(=CCC[*:1])[*:2];2->1,214.280103,623.9027789,2.094668597
860,<polymer_spg>O=C1c2ccc(Oc3ccc4ccc(Oc5ccc6c(c5)C(=O)N([*:1])C6=O)cc4c3)cc2C(=O)N1c1ccc(Oc2ccc(-c3ccc(Oc4ccc([*:2])cc4)cc3)cc2)cc1;2->1,479.7044828,769.9208271,-1.400858568
1017,<polymer_spg>NC(=O)C(CC(CC(C(N)=O)[*:1])C(N)=O)CC(C[*:2])C(=O)O;2->1,352.2090374,626.8032216,-2.112917177
710,<polymer_spg>O=C(COc1ccc(C(=O)OCCCCCC[*:1])cc1)O[*:2];2->1,326.0447632,672.7460432,-0.750000835
657,<polymer_spg>CC1(C)CC(CNC(=O)NCC[*:1])CC(C)(NC(=O)O[*:2])C1;2->1,431.5598244,622.8479973,-0.443920458
414,<polymer_spg>COOCC(C[*:1])[*:2];2->1,267.3292902,575.636078,0.703197818
662,<polymer_spg>O=C(Oc1ccc(C2(c3ccc([*:1])c(-c4ccccc4)c3)CCCCC2)cc1-c1ccccc1)O[*:2];2->1,430.4139945,749.1800547,-0.490331285
1157,<polymer_spg>Cc1ccc(NC(=O)Nc2cccc([*:1])c2)cc1NC(=O)O[*:2];2->1,420.4684578,707.7694664,-3.752235343
951,<polymer_spg>O=C(Oc1ccc(Oc2ccc(Oc3ccc([*:1])cc3)cc2)cc1)O[*:2];2->1,388.4651526,736.6283724,-1.802569381
1098,<polymer_spg>N#CC(C[*:1])[*:2];2->1,379.2391911,723.9120962,-2.745854744
1110,<polymer_spg>O=C(Nc1ccc(Cc2ccc([*:1])cc2)cc1)Nc1cc(NC(=O)N[*:2])cc(C(=O)O)c1;2->1,439.9280473,716.9323047,-2.975458099
982,<polymer_spg>ClC(Cl)(C[*:1])[*:2];2->1,257.5009939,490.9624484,-1.919777082
322,<polymer_spg>c1cc(C[*:1])ccc1C[*:2];2->1,336.6905763,737.9861004,1.163433466
765,<polymer_spg>COc1cc(C(C)(C)c2ccc([*:1])cc2)ccc1OC(=O)O[*:2];2->1,403.4162975,694.8104292,-0.967203432
885,<polymer_spg>O=C(NCCCCCCCCCC[*:1])NCc1ccc(CNC(=O)N[*:2])cc1;2->1,315.6315748,654.6350923,-1.520286233
556,<polymer_spg>O=C(CCCCCCCCC(=O)NCCCCCCCCCCCC[*:1])NCCCCCCCCCCCCNC(=O)N[*:2];2->1,250.4084752,628.40125,0.067277345
357,<polymer_spg>Clc1cc([*:1])ccc1CC[*:2];2->1,437.9666547,668.9547962,1.040919927
69,<polymer_spg>C(=C[*:1])CCCCCC[*:2];2->1,184.1357522,642.2339841,1.836548129
514,<polymer_spg>O=C(NCCCOC1CCC(O[*:1])CC1)C(=O)NCCC[*:2];2->1,368.4581335,642.0369446,0.26729804
509,<polymer_spg>C(CCC[*:1])CCSS[*:2];2->1,269.8550083,684.9963306,0.292247546
340,<polymer_spg>COC(=O)C(C)(C[*:1])[*:2];2->1,366.3400683,601.4419126,1.123503655
221,<polymer_spg>CC(C)c1ccc(C(C[*:1])[*:2])c(C(C)C)c1;2->1,307.7257974,669.2263863,1.401669692
1122,<polymer_spg>Cc1ccc(NC(=O)O[*:1])cc1NC(=O)Nc1ccc([*:2])c(C)c1;2->1,453.3489197,700.5224019,-3.115385299
146,<polymer_spg>CC(C)CC(C[*:1])[*:2];2->1,207.7598207,596.9771149,1.568937967
289,<polymer_spg>c1ccc(-c2cc(-c3ccc(-c4cc(-c5ccccc5)c(-c5ccc([*:1])cc5)c(-c5ccccc5)c4-c4ccccc4)cc3)c(-c3ccccc3)c(-c3ccccc3)c2-c2ccc(CCCCCCCCCCCCCC[*:2])cc2)cc1;2->1,429.8726022,755.6448299,1.268823112
753,<polymer_spg>OOCc1cc(N[*:1])ccc1[*:2];2->1,468.6763034,684.9948483,-0.933856356
29,<polymer_spg>Cc1cc([*:1])c(C)cc1CC[*:2];2->1,504.3671903,698.9730182,2.225878304
798,<polymer_spg>O=C1C(=O)N(c2ccc(Oc3ccc([*:1])cc3)cc2)C(=O)N1CCCCCCN1C(=O)C(=O)N([*:2])C1=O;2->1,503.7345134,723.0671529,-1.118339086
114,<polymer_spg>CCOC(C[*:1])[*:2];2->1,239.9261733,596.8971873,1.651663387
803,<polymer_spg>CC(C)(c1ccc(Oc2ccc(C(=O)c3ccccc3-c3ccccc3C(=O)c3ccc([*:1])cc3)cc2)cc1)c1ccc(O[*:2])cc1;2->1,389.4232919,750.7235949,-1.142086396
508,<polymer_spg>CC(C[*:1])S[*:2];2->1,361.7391397,633.0201303,0.295850581
871,<polymer_spg>O=C1C([*:1])C([*:2])C(=O)N1c1cccc2ccccc12;2->1,465.0419682,770.0450808,-1.462377968
1047,<polymer_spg>O=C(NCCCCCC[*:1])NCc1ccc(CNC(=O)N[*:2])cc1;2->1,338.2499877,659.4365241,-2.256491568
1153,<polymer_spg>O=C(Nc1ccc([*:1])cc1)Nc1cc(NC(=O)N[*:2])cc(C(=O)Nc2cccc3c2C(=O)c2ccccc2C3=O)c1;2->1,465.3368115,743.8445492,-3.689206886
176,<polymer_spg>CCCCCCCCCCCCCCCCc1ccc(C(C[*:1])[*:2])cc1;2->1,243.3067185,661.6855359,1.495195635
804,<polymer_spg>O=C(Oc1ccc(C2(c3ccc([*:1])cc3)CCCCC2)cc1)O[*:2];2->1,431.7371766,729.9549672,-1.144543073
884,<polymer_spg>CC(c1ccccc1)(c1ccc(OC(=O)O[*:1])cc1)c1ccc([*:2])cc1;2->1,439.8807997,737.3296132,-1.506479605
168,<polymer_spg>C=C(C(c1ccccc1)[*:1])[*:2];2->1,390.7425449,734.4410863,1.522657933
347,<polymer_spg>c1ccc(C(C[*:1])[*:2])cc1;2->1,384.9894309,736.4679156,1.099934127
376,<polymer_spg>c1cc(-c2ccn([*:1])n2)ccc1-c1ccn(CCCCCC[*:2])n1;2->1,427.0952375,732.2302651,0.941775141
997,<polymer_spg>O=C1C(=O)N(c2cccc([*:1])n2)C(=O)N1c1ccc(Cc2ccc(N3C(=O)C(=O)N([*:2])C3=O)cc2)cc1;2->1,544.2280221,753.0573244,-1.990673844
1085,<polymer_spg>O=S(=O)(c1ccc(O[*:1])cc1)c1ccc2ccc(S(=O)(=O)c3ccc([*:2])cc3)cc2c1;2->1,472.8217454,697.9454829,-2.618835263
1069,<polymer_spg>Cc1ccc(NC(=O)Nc2ccccc2CCc2ccc([*:1])cc2)cc1NC(=O)N[*:2];2->1,404.608158,714.9016382,-2.449839794
1009,<polymer_spg>O=C(NCCCCC[*:1])N[*:2];2->1,330.5989621,620.7802912,-2.053633472
189,<polymer_spg>CCCCCCCCCc1ccc(C(C[*:1])[*:2])cc1;2->1,275.8580251,675.7933843,1.471546411
136,<polymer_spg>C1CCC(C[*:1])([*:2])CC1;2->1,383.1165231,678.6714977,1.585601731
446,<polymer_spg>c1ccc(-c2nc3ccc(-c4ccc5nc(-c6ccccc6)c([*:1])nc5c4)cc3nc2-c2ccc([*:2])cc2)cc1;2->1,524.8552951,794.6281143,0.558622609
80,<polymer_spg>FC(F)(F)C1(C(F)(F)F)OC(F)([*:1])C(F)([*:2])O1;2->1,495.9488387,611.6198592,1.753681003
254,<polymer_spg>FC(F)(F)C(F)(F)C(F)(F)C(F)(F)OC(F)(C(F)(F)[*:1])[*:2];2->1,364.7079725,586.7037683,1.355631029
894,<polymer_spg>O=C(c1ccc(Oc2ccc(O[*:1])cc2)cc1)c1ccc([*:2])cc1;2->1,430.481156,754.8945131,-1.549526472
197,<polymer_spg>FC(F)(OC(F)(F)C(F)(F)[*:1])O[*:2];2->1,268.1229341,584.7837239,1.449811413
290,<polymer_spg>c1ccc(-c2cc(-c3cccc(-c4cc(-c5ccccc5)c(-c5ccc([*:1])cc5)c(-c5ccccc5)c4-c4ccccc4)c3)c(-c3ccccc3)c(-c3ccccc3)c2-c2ccc(CCCCCCCCCCCCCC[*:2])cc2)cc1;2->1,428.2886022,755.6448299,1.268823112
459,<polymer_spg>O=C(O)COCC1OC([*:1])C(OCC(=O)O)C(OCC(=O)O)C1O[*:2];2->1,371.6478469,628.6283523,0.51824531
768,<polymer_spg>O=C(OCCN1C(=O)N([*:1])C(=O)C1(c1ccccc1)c1ccccc1)c1ccc(C(=O)OCC[*:2])cc1;2->1,469.5199087,724.5085504,-0.98026312
36,<polymer_spg>CC(C)(CC[*:1])C(C)(C)[*:2];2->1,188.2451886,567.9648764,2.166286979
767,<polymer_spg>O=C(c1ccc(OCCCCCCO[*:1])cc1)N(C(=O)c1ccc([*:2])cc1)c1cccc2ccccc12;2->1,388.4034529,729.1161003,-0.973180653
232,<polymer_spg>FC(F)(C(F)(F)[*:1])[*:2];2->1,284.3816102,587.481883,1.386214341
645,<polymer_spg>O=C(OCCOC(=O)c1ccc(C(=O)[*:1])cc1)c1ccc(C(=O)OCCO[*:2])cc1;2->1,365.7878291,701.2758731,-0.383580738
33,<polymer_spg>CC(C)(C[*:1])[*:2];2->1,187.8745066,563.177124,2.195551883
88,<polymer_spg>C(=C[*:1])CCCCCCCCCC[*:2];2->1,188.1768051,637.6284667,1.732339732
930,<polymer_spg>CC1(C)CC(NC(=O)O[*:1])CC(C)(CNC(=O)Nc2cccc([*:2])c2)C1;2->1,454.1021,661.4095737,-1.688157255
1127,<polymer_spg>O=C(NCCCCCCNC(=O)N[*:1])Nc1cccc([*:2])n1;2->1,363.4673666,666.5203043,-3.118816843
44,<polymer_spg>FC1(F)OC(F)([*:1])C(F)([*:2])O1;2->1,615.9245337,628.3846681,2.091739522
865,<polymer_spg>O=C(NCCCCCCC[*:1])NCCCCCCNC(=O)N[*:2];2->1,288.4889251,621.879636,-1.424554404
341,<polymer_spg>c1cc(Cc2ccc([*:1])cc2)ccc1CC[*:2];2->1,363.181185,745.8842148,1.118920841
61,<polymer_spg>CC(C[*:1])[*:2];2->1,234.1598207,596.9795991,1.874601661
1139,<polymer_spg>N#Cc1nc(-c2ccc(NC(=O)Nc3ccc(NC(=O)Nc4ccc([*:1])cc4)cc3)cc2)c([*:2])nc1C#N;2->1,468.2020294,752.5304178,-3.351027529
199,<polymer_spg>CCCCCCc1ccc(C(C[*:1])[*:2])cc1;2->1,299.8280383,686.3434023,1.449693184
429,<polymer_spg>c1ccc(-c2nc3cc4nc([*:1])c(-c5ccccc5)nc4cc3nc2-c2cccc([*:2])c2)cc1;2->1,567.7202479,796.3507981,0.61754076
979,<polymer_spg>O=C(NCCCCCCNC(=O)[*:1])C1C=CNN1[*:2];2->1,367.2353161,656.0820486,-1.905914002
394,<polymer_spg>FC(F)(F)C1(F)OC(C(F)(F)[*:1])([*:2])OC1(F)F;2->1,377.6768387,611.6198592,0.875592571
1150,<polymer_spg>Cc1ccc(NC(=O)O[*:1])cc1NC(=O)Nc1cccc2cccc([*:2])c12;2->1,455.0462775,726.9736262,-3.660294218
799,<polymer_spg>Cc1ccc(N(CCCNC(=O)N[*:1])CCC[*:2])cc1;2->1,356.7403009,659.6321322,-1.125786322
1000,<polymer_spg>O=C(OC(=O)c1cccc(C(=O)OC(=O)c2ccc([*:1])cc2)c1)c1ccc(OCCCO[*:2])cc1;2->1,383.6148149,720.1646535,-2.00251436
876,<polymer_spg>Cc1cc(Cc2ccc([*:1])c(C)c2)ccc1NC(=O)NCCCCCCNC(=O)N[*:2];2->1,393.4307305,678.6981234,-1.468975989
946,<polymer_spg>CC(C)(c1ccc(OCC(=O)OC(=O)c2ccc(C(=O)OC(=O)CO[*:1])cc2)cc1)c1ccc([*:2])cc1;2->1,383.9430332,707.0160235,-1.761152698
730,<polymer_spg>O=C(OCCN1CCN(CCO[*:1])C1=O)c1ccc(C(=O)[*:2])cc1;2->1,387.7686654,690.7664133,-0.850273143
814,<polymer_spg>CC(C)(c1ccc(Oc2ccc(S(=O)(=O)c3ccc(O[*:1])cc3)cc2)cc1)c1ccc([*:2])cc1;2->1,419.458852,707.4120428,-1.202987895
899,<polymer_spg>O=C(c1ccc(Oc2ccc(O[*:1])cc2)cc1)c1ccc(-c2ccc(C(=O)c3ccc([*:2])cc3)cc2)cc1;2->1,429.1241552,762.4312984,-1.558835562
919,<polymer_spg>O=S(=O)(c1ccc(Oc2ccc(Oc3ccc(O[*:1])cc3)cc2)cc1)c1ccc([*:2])cc1;2->1,429.1357148,717.7006407,-1.659866785
297,<polymer_spg>CCC(C)OC(=O)C(C[*:1])[*:2];2->1,299.5295698,623.8255255,1.238268479
73,<polymer_spg>CC(C)C(C)(C[*:1])[*:2];2->1,289.3799772,576.5488562,1.796193842
393,<polymer_spg>C[N+](C)(CCO[O-])CC(C[*:1])[*:2];2->1,218.5880631,565.0530638,0.892966445
807,<polymer_spg>CC(C)(c1ccc(Oc2ccc(C(=O)c3ccccc3C(=O)c3ccc([*:1])cc3)cc2)cc1)c1ccc(O[*:2])cc1;2->1,399.8236622,745.4119015,-1.162966709
547,<polymer_spg>O=C(OCCN1C(=O)N(CCO[*:1])c2cccc3cccc1c23)c1ccc(C(=O)[*:2])cc1;2->1,412.0258203,733.0298778,0.112400776
579,<polymer_spg>O=C(NCCCCCCCCCCCCCCCCCC[*:1])NCCCCCCCCCCNC(=O)N[*:2];2->1,249.8488616,624.6512569,-0.043784161
541,<polymer_spg>C(CCSS[*:1])CC[*:2];2->1,280.0394227,690.895874,0.143728921
949,<polymer_spg>O=C(OC(=O)c1ccc([*:1])cc1)c1ccc(OCCCCO[*:2])cc1;2->1,379.3870192,708.617989,-1.781877691
148,<polymer_spg>CC(C)CCC(C[*:1])[*:2];2->1,201.5934666,601.4922639,1.5629312
1155,<polymer_spg>Cc1ccc(NC(=O)O[*:1])cc1NC(=O)Nc1ccc([*:2])cc1;2->1,449.131315,707.7694664,-3.752235343
1058,<polymer_spg>O=C(Nc1ccc(Cc2ccc([*:1])cc2)cc1)Nc1ccccc1CCc1ccccc1NC(=O)N[*:2];2->1,391.42578,727.7527144,-2.331357869
821,<polymer_spg>CC(C)(c1ccc(N2C(=O)c3ccc(Oc4cccc5c(Oc6ccc7c(c6)C(=O)N([*:1])C7=O)cccc45)cc3C2=O)cc1)c1ccc([*:2])cc1;2->1,489.2842726,762.2177069,-1.233794042
663,<polymer_spg>O=C(Nc1cccc(C(=O)[*:1])c1)OCCCCO[*:2];2->1,357.835992,681.8175901,-0.49424484
217,<polymer_spg>FC(F)(O[*:1])C(F)(F)C(F)(F)C(F)(F)[*:2];2->1,277.4994251,586.3444744,1.412248142
539,<polymer_spg>OC(CC1CC(CC2CC([*:1])OCO2)OCO1)[*:2];2->1,389.8430175,641.839536,0.159075358
1050,<polymer_spg>O=C(Nc1ccc(NC(=O)Nc2ccc([*:1])cc2)cc1)Nc1ccc(-c2[nH]c(-c3ccc(-c4nc(-c5ccc([N+](=O)[O-])cc5)c(-c5ccc([N+](=O)[O-])cc5)[nH]4)cc3)nc2[*:2])cc1;2->1,457.6534392,747.6192399,-2.310858941
1053,<polymer_spg>O=C(Nc1ccc(CCc2ccc([*:1])cc2)cc1)Nc1ccc(Cc2ccc(NC(=O)N[*:2])cc2)cc1;2->1,427.5298631,727.4285815,-2.321894078
623,<polymer_spg>CCCC(c1ccc(CNC(=O)OC(COC(=O)NC[*:1])c2ccco2)o1)c1ccc([*:2])o1;2->1,357.2657966,687.2589275,-0.299071496
668,<polymer_spg>CC1(C)C(=O)N([*:1])C(=O)N1CCOC(=O)c1ccc(C(=O)OCC[*:2])cc1;2->1,465.1271824,683.5345001,-0.515466694
1051,<polymer_spg>O=S(=O)(c1ccc(OCC(O)CO[*:1])cc1)c1ccc([*:2])cc1;2->1,413.0203153,665.103518,-2.318024612
421,<polymer_spg>O=C(Nc1ccc(Cc2ccc(NC(=O)[*:1])cc2)cc1)OCCCCOCCCCOCCCCOCCCCOCCCCOCCCCO[*:2];2->1,293.9379234,646.9645849,0.671238828
694,<polymer_spg>O=C([O-])C(C[*:1])[*:2];2->1,362.7583768,677.5041262,-0.672034581
138,<polymer_spg>C1CCC(CC[*:1])([*:2])CC1;2->1,359.6844209,672.2958069,1.584244094
212,<polymer_spg>FC(F)(F)C(F)(C(F)(F)O[*:1])[*:2];2->1,351.4677825,586.0024917,1.420302046
616,<polymer_spg>CC(O)COC1C(O[*:1])C(CO)OC([*:2])C1OCC(C)O;2->1,346.7679445,601.3343067,-0.276309989
1064,<polymer_spg>CC(=O)OCC1OC(OC2C(O)C(C[*:1])OC(CO)C2OC2OC(CO)C(O[*:2])C(O)C2O)C(OC2OC(C(=O)O)C(OC3OC4COC(C)(C(=O)O)OC4C(O)C3O)C(O)C2O)C(O)C1O;2->1,471.3753189,628.6653789,-2.408180488
1057,<polymer_spg>O=C(NCCCCCC[*:1])NCCCNC(=O)N[*:2];2->1,310.7251816,620.3278151,-2.327384624
1080,<polymer_spg>O=C(NCCCCNC(=O)N[*:1])Nc1ccc(Cc2ccc([*:2])cc2)cc1;2->1,407.4168195,693.1766147,-2.56259495
727,<polymer_spg>COc1cc(C(=O)OCCOC(=O)c2ccc([*:1])c(OC)c2)ccc1OCCOCCO[*:2];2->1,350.7990104,665.8539723,-0.830649209
709,<polymer_spg>Cc1cc(Cc2cc(C)c([*:1])c(C)c2)cc(C)c1N1C(=O)c2ccc(Oc3cccc4c(Oc5ccc6c(c5)C(=O)N([*:2])C6=O)cccc34)cc2C1=O;2->1,521.2922151,754.2704823,-0.747425944
701,<polymer_spg>O=C(CCCCC(O)CCCCC(=O)NCC[*:1])NCCOCCO[*:2];2->1,278.3528851,614.3822038,-0.705953457
726,<polymer_spg>O=C(c1ccc(OCCCCCCO[*:1])cc1)N(C(=O)c1ccc([*:2])cc1)c1ccc(Oc2ccccc2)cc1;2->1,380.7160538,722.2400696,-0.81120402
1114,<polymer_spg>O=C(NCCCCCCNC(=O)NNC(=O)c1ccc([*:1])cc1)NNC(=O)c1ccc(N=N[*:2])cc1;2->1,395.3632679,684.4715386,-3.039150272
716,<polymer_spg>O=C(Oc1ccc(C2(c3ccc([*:1])cc3)CC3CC2C2CCCC32)cc1)O[*:2];2->1,533.9778467,747.8762266,-0.760847182
234,<polymer_spg>ClC(=CC[*:1])C[*:2];2->1,240.4927699,577.3379393,1.385714367
771,<polymer_spg>O=C(NCCCCCCCCCC[*:1])NCCCCCCNC(=O)N[*:2];2->1,276.8168695,622.7079393,-0.983365246
978,<polymer_spg>O=S(=O)(c1ccc(Oc2ccc(O[*:1])cc2)cc1)c1ccc([*:2])cc1;2->1,438.4035694,709.0058289,-1.904002895
67,<polymer_spg>CC1CCC(C(C[*:1])[*:2])CC1;2->1,396.8572788,661.9091173,1.860852506
24,<polymer_spg>CC(C[*:1])C(C)(C)[*:2];2->1,231.045258,573.1758838,2.274846483
381,<polymer_spg>CCOOCC(C[*:1])[*:2];2->1,251.1494221,593.6437986,0.914125645
216,<polymer_spg>C=CCOC(=O)C(C[*:1])[*:2];2->1,348.1169055,639.5666072,1.413945942
812,<polymer_spg>Cc1cc(O[*:1])ccc1Oc1ccc(C(=O)c2ccc([*:2])cc2)cc1;2->1,424.5494526,745.5806201,-1.192522022
1030,<polymer_spg>O=C(Nc1ccc(CCc2ccccc2NC(=O)N[*:1])cc1)Nc1ccc(CCc2ccccc2[*:2])cc1;2->1,385.7103249,724.8340533,-2.185476329
735,<polymer_spg>O=C(NCCCOC1CCC(OCCCNC(=O)c2ccc([*:1])cc2)CC1)c1ccc(OCCOCCO[*:2])cc1;2->1,381.0091929,671.0274961,-0.869827945
129,<polymer_spg>CC(CCCCCCCCCCC[*:1])[*:2];2->1,205.0045953,621.2899891,1.607238644
349,<polymer_spg>c1ccc(Cc2ccc(C(C[*:1])[*:2])cc2)cc1;2->1,395.2859365,745.0703136,1.084128935
111,<polymer_spg>CCCC(C)C(C[*:1])[*:2];2->1,220.184124,608.490754,1.654930603
166,<polymer_spg>C1CCC(C(C[*:1])[*:2])CC1;2->1,376.2213585,678.2213237,1.528713425
1113,<polymer_spg>O=C1N(C(=O)[*:1])CCCN1[*:2];2->1,516.5838432,693.5580185,-3.01186886
207,<polymer_spg>C(COC[*:1])C[*:2];2->1,198.5289316,602.0001676,1.429425678
438,<polymer_spg>c1cc2ccc([*:1])cc2cc1[*:2];2->1,495.1656914,804.1499568,0.58571937
552,<polymer_spg>O=C(CCCCOCCCC(=O)NCCCCCO[*:1])NCCCCC[*:2];2->1,259.9833959,620.3324341,0.097156789
274,<polymer_spg>CC(C)(C)OC(=O)C(C)(C[*:1])[*:2];2->1,312.9702432,591.4880625,1.303688261
41,<polymer_spg>FC1(F)C(F)(C(F)(F)[*:1])C(F)(F)C1(F)[*:2];2->1,595.982279,617.5781416,2.121678495
591,<polymer_spg>O=C(CCCCS(=O)(=O)CCCCC(=O)[*:1])OCCOCCOCCO[*:2];2->1,261.8978589,601.7975659,-0.126577443
152,<polymer_spg>CC(C)CCCC(C[*:1])[*:2];2->1,196.9679269,604.8786222,1.558434436
1035,<polymer_spg>O=C(NCCCC[*:1])Nc1ccc(Cc2ccc(NC(=O)O[*:2])cc2)cc1;2->1,399.8846766,693.8879704,-2.19305783
839,<polymer_spg>O=C(c1ccc(Oc2cc(O[*:1])ccc2C23CC4CC(CC(C4)C2)C3)cc1)c1ccc([*:2])cc1;2->1,443.7965643,753.6841173,-1.306600619
525,<polymer_spg>c1cc(-c2cc(-c3ccc(Oc4ccc(-c5cc([*:1])nc6ccccc56)cc4)cc3)c3ccccc3n2)cc([*:2])c1;2->1,528.6259179,787.9268013,0.215889587
287,<polymer_spg>C1OC(C[*:1])CC([*:2])O1;2->1,387.8399252,652.5150166,1.276299684
469,<polymer_spg>ClC(CCCCCCCC[*:1])C(Cl)[*:2];2->1,248.9267138,572.2290706,0.455478603
121,<polymer_spg>CCCCCCCC(C[*:1])[*:2];2->1,188.0261516,621.8207657,1.622584821
1165,<polymer_spg>Cc1ccc(NC(=O)NN(CCO)[*:1])cc1NC(=O)[*:2];2->1,410.7584903,660.8348112,-4.899629455
928,<polymer_spg>NC(=O)C(CC(C[*:1])C(=O)O)[*:2];2->1,347.3480288,629.8746341,-1.686969433
673,<polymer_spg>CC(C)(c1ccc(OC(=O)O[*:1])c(-c2ccccc2)c1)c1ccc([*:2])c(-c2ccccc2)c1;2->1,417.4746904,740.1876469,-0.54996319
886,<polymer_spg>COC(=O)C(CCCCNC(=O)NCCCCCC[*:1])NC(=O)N[*:2];2->1,313.893671,620.8906709,-1.53074628
956,<polymer_spg>CCCCCOc1cc(C(=O)Oc2ccc(S(=O)(=O)c3ccc([*:1])cc3)cc2)cc(C(=O)O[*:2])c1;2->1,391.4466973,691.6973188,-1.822459662
25,<polymer_spg>CC(C)(O[*:1])[*:2];2->1,187.4964109,559.1044387,2.26683836
149,<polymer_spg>Cn1c([*:1])ccc1[*:2];2->1,580.7463967,723.6671168,1.560732488
925,<polymer_spg>O=C(c1ccc(Oc2ccc(O[*:1])cc2)cc1)c1ccc(C(=O)c2ccc([*:2])cc2)cc1;2->1,429.5606615,757.9812743,-1.681517877
696,<polymer_spg>CC(C)c1cc(OC(=O)O[*:1])ccc1C(C)(C)c1ccc([*:2])cc1;2->1,384.9018406,694.713024,-0.689989866
843,<polymer_spg>O=S(=O)(c1ccc(Oc2ccc(C3(c4ccc([*:1])cc4)CC4CCC3C4)cc2)cc1)c1ccc(O[*:2])cc1;2->1,487.3794939,727.5868447,-1.307978584
889,<polymer_spg>CC1CN([*:1])C(C)CN1C(=O)Nc1ccc(Cc2ccc(NC(=O)[*:2])cc2)cc1;2->1,481.4425844,699.9196096,-1.532477193
598,<polymer_spg>O=C(CCCCO[*:1])NCCCCCCNC(=O)CCCC[*:2];2->1,271.2600116,625.1503552,-0.158130326
1020,<polymer_spg>O=C(OC(=O)c1ccc(C(=O)OC(=O)c2ccc([*:1])cc2)cc1)c1ccc(OCCO[*:2])cc1;2->1,393.745655,723.1353149,-2.144983208
139,<polymer_spg>C1CCC(CCC[*:1])([*:2])CC1;2->1,341.4754756,667.3599478,1.581894255
749,<polymer_spg>Cc1cc(C)cc(N(C(=O)c2ccc(OCCCCCCO[*:1])cc2)C(=O)c2ccc([*:2])cc2)c1;2->1,379.0954915,705.8559891,-0.917925573
1004,<polymer_spg>O=S(=O)(c1ccc(Oc2ccc(S(=O)(=O)c3ccc(-c4ccc(-c5ccc(S(=O)(=O)c6ccc([*:1])cc6)cc5)cc4)cc3)cc2)cc1)c1ccc(O[*:2])cc1;2->1,452.5437041,705.2266909,-2.021884792
323,<polymer_spg>c1cc([*:1])ccc1CC[*:2];2->1,427.7705763,737.9861004,1.163433466
180,<polymer_spg>CCCCCCCCCCCCc1ccc(C(C[*:1])[*:2])cc1;2->1,259.1070026,668.5021065,1.484550319
450,<polymer_spg>c1ccc2c([*:1])ccc([*:2])c2c1;2->1,448.0779259,805.3385325,0.552096848
607,<polymer_spg>O=C(COc1ccc(O[*:1])cc1)NCCCCCCCCCCNC(=O)C[*:2];2->1,322.3663016,656.1766264,-0.243801754
1043,<polymer_spg>O=S(=O)(c1ccc(O[*:1])cc1)c1ccc(-c2ccc(S(=O)(=O)c3ccc([*:2])cc3)cc2)cc1;2->1,447.619883,697.7427375,-2.242631609
296,<polymer_spg>Cc1cc(C#C[*:1])ccc1[*:2];2->1,449.3021979,772.3174902,1.240233401
94,<polymer_spg>c1ccc([Si](C[*:1])(c2ccccc2)[*:2])cc1;2->1,368.4075986,695.2458246,1.693694444
1059,<polymer_spg>NC(=O)C(CC(CC(CC(CC(CC(C(N)=O)[*:1])C(N)=O)C(N)=O)C(N)=O)C(N)=O)CC(CC(CC(CC(C[*:2])C(=O)[O-])C(N)=O)C(N)=O)C(N)=O;2->1,357.6314938,629.0882928,-2.353531772
637,<polymer_spg>O=C(Nc1ccc(C(=O)[*:1])cc1)OCCCCCO[*:2];2->1,381.883649,678.8223373,-0.331823981
286,<polymer_spg>c1cc([*:1])ccc1CCCC[*:2];2->1,380.9790828,714.7699035,1.278306856
488,<polymer_spg>c1ccc(-c2cc([*:1])nc3ccc([*:2])cc23)cc1;2->1,567.7035765,796.9024112,0.378807966
444,<polymer_spg>COc1cc(C(=O)OCCO[*:1])ccc1OCCCOc1ccc(C(=O)[*:2])cc1OC;2->1,356.1755737,673.399343,0.566921419
275,<polymer_spg>C1CC([*:1])CC1[*:2];2->1,554.4752511,708.8864605,1.300230435
806,<polymer_spg>CCC1(CC)C(=O)N([*:1])C(=O)N1C(=O)c1ccc(N=Nc2ccc(C(=O)[*:2])cc2)cc1;2->1,493.8726477,725.468891,-1.161933508
32,<polymer_spg>CC(C)(C[*:1])[*:2];2->1,187.8745066,563.177124,2.195551883
307,<polymer_spg>CC(C[*:1])(C(=O)OC1CCCCC1)[*:2];2->1,405.1707818,658.1684307,1.215902771
770,<polymer_spg>O=C(NCCCCCCCC[*:1])N[*:2];2->1,296.6168695,622.7085797,-0.983365246
11,<polymer_spg>Cc1c(C)c([*:1])c(C)c(C)c1CC[*:2];2->1,556.1231393,674.5547397,2.874555719
872,<polymer_spg>O=C1c2ccc(Oc3cc4ccccc4cc3Oc3ccc4c(c3)C(=O)N([*:1])C4=O)cc2C(=O)N1c1ccc(Oc2ccc(Oc3ccc([*:2])cc3)cc2)cc1;2->1,466.9357504,768.3667448,-1.46396291
86,<polymer_spg>C(=C[*:1])C1CCC([*:2])C1;2->1,333.6499979,704.8953486,1.739914292
778,<polymer_spg>CCCC(C)(c1ccc(OC(=O)O[*:1])cc1)c1ccc([*:2])cc1;2->1,403.4879911,706.9011921,-1.015986376
1060,<polymer_spg>O=S(=O)(c1ccc(O[*:1])cc1)c1ccc([*:2])cc1;2->1,455.6676665,693.4137338,-2.365707571
1158,<polymer_spg>Cc1ccc(NC(=O)O[*:1])cc1NC(=O)Nc1cccc([*:2])c1;2->1,420.4684578,707.7694664,-3.752235343
1065,<polymer_spg>CC(=O)OCC1OC(OC2C(O)C(C[*:1])OC(CO)C2OC2OC(CO)C(O[*:2])C(O)C2O)C(OC2OC(C(=O)O)C(OC3OC4COC(C)(C(=O)O)OC4C(O)C3O)C(O)C2O)C(O)C1O;2->1,471.3753189,628.6653789,-2.408180488
782,<polymer_spg>O=C(NCCCCCCCCCCCCCC[*:1])NCc1ccc(CNC(=O)N[*:2])cc1;2->1,299.2865499,651.1268203,-1.024433829
562,<polymer_spg>O=C(O)COC1C(O[*:1])C(CO)OC([*:2])C1OCC(=O)O;2->1,385.9593664,626.3013843,0.027786552
209,<polymer_spg>CCCCc1ccc(C(C[*:1])[*:2])cc1;2->1,322.5121265,696.454874,1.425271522
739,<polymer_spg>CC(c1ccc([*:1])cc1)C1CCCC(c2ccc(Oc3ccc(S(=O)(=O)c4ccc(O[*:2])cc4)cc3)cc2)C1;2->1,421.9043391,711.4046158,-0.885520762
594,<polymer_spg>O=C(NCCCCCCNC(=O)[*:1])OCCOCCOCCO[*:2];2->1,269.8101571,612.1741266,-0.148323007
123,<polymer_spg>FC(=C(F)[*:1])C(F)(C(F)(F)F)C(F)(F)[*:2];2->1,347.9533803,602.8130766,1.614721184
734,<polymer_spg>CC(C)(C)c1cc(Oc2ccc(C(=O)c3ccc([*:1])cc3)cc2)ccc1O[*:2];2->1,387.2002319,722.190807,-0.863314137
931,<polymer_spg>ClC(Cl)(C[*:1])[*:2];2->1,289.1809939,490.9624484,-1.690529316
98,<polymer_spg>FC(F)=C(C(F)(F)[*:1])[*:2];2->1,289.3370261,616.503427,1.677757449
377,<polymer_spg>C1CC1C(C[*:1])[*:2];2->1,332.7152511,708.8864605,0.933434001
130,<polymer_spg>CCCCCCCCCC(C[*:1])[*:2];2->1,183.7612764,623.0502739,1.60527722
23,<polymer_spg>CCC(=CCC[*:1])[*:2];2->1,214.5771576,640.9939196,2.291579306
1096,<polymer_spg>O=C(Nc1ccc(NC(=O)Nc2ccc([*:1])cc2)cc1)Nc1ccc(-c2[nH]c(-c3ccc([N+](=O)[O-])cc3)nc2[*:2])cc1;2->1,472.8569372,739.151834,-2.67402217
555,<polymer_spg>C1CC2C(C1)C1CC2C([*:1])C1[*:2];2->1,593.7494071,757.1323021,0.074244362
370,<polymer_spg>c1ccc(-c2ccc(C(C[*:1])[*:2])cc2)cc1;2->1,402.8850471,757.1177627,0.9661588
383,<polymer_spg>C1CC2C(CC[*:1])CC([*:2])C2C1;2->1,386.4361571,710.4331881,0.91137678
201,<polymer_spg>CCC(C)c1ccc(C(C[*:1])[*:2])cc1;2->1,337.150519,690.2560748,1.447805847
917,<polymer_spg>CC1(C)C(=O)N([*:1])C(=O)N1C(=O)c1ccc2c(c1)C(=O)N(c1ccc(Oc3ccc(N4C(=O)c5ccc(C(=O)[*:2])cc5C4=O)cc3)cc1)C2=O;2->1,550.3477193,750.9004876,-1.645761465
368,<polymer_spg>CC(C)OOCC(C[*:1])[*:2];2->1,245.5385938,586.4967781,0.978464625
973,<polymer_spg>CC1(C)CC(NC(=O)Nc2cccc3cccc([*:1])c23)CC(C)(CNC(=O)O[*:2])C1;2->1,479.9426436,684.2734904,-1.896355185
387,<polymer_spg>c1ccc(-c2ccc(-c3cccc(C(C[*:1])[*:2])c3)cc2)cc1;2->1,410.076701,765.5076927,0.909578588
816,<polymer_spg>CC(C)(c1ccc(Oc2ccc(S(=O)(=O)c3ccc(O[*:1])cc3)cc2)cc1)c1ccc([*:2])cc1;2->1,419.458852,707.4120428,-1.202987895
256,<polymer_spg>FC(F)(F)C(F)(F)C(F)(F)OC(F)(C(F)(F)[*:1])[*:2];2->1,361.9494377,586.5578901,1.349960662
169,<polymer_spg>CCC(C)(C)CC(C[*:1])[*:2];2->1,202.6589008,588.2706577,1.506976036
560,<polymer_spg>O=C(NCCCCCCNC(=O)[*:1])OCCOCCOCCOCCO[*:2];2->1,261.656838,608.8796267,0.036705944
373,<polymer_spg>C1CC([*:1])C1[*:2];2->1,581.4369378,733.611433,0.953468489
909,<polymer_spg>O=C1c2ccc(Oc3cccc4c(Oc5ccc6c(c5)C(=O)N([*:1])C6=O)cccc34)cc2C(=O)N1c1cccc(Oc2ccc([*:2])cc2)c1;2->1,496.1776768,771.4829951,-1.570817568
719,<polymer_spg>CC(C)c1cc(C(=O)c2cccc(C(=O)c3ccc([*:1])cc3)c2)cc(C(C)C)c1O[*:2];2->1,415.0609226,722.8491636,-0.766951856
791,<polymer_spg>COC(=O)C(CCCCNC(=O)NCCCCCCCCC[*:1])NC(=O)N[*:2];2->1,299.938671,621.7642272,-1.086547917
954,<polymer_spg>O=C(NCCCCCC[*:1])NCCCCCNC(=O)N[*:2];2->1,298.389321,621.1842191,-1.816151947
868,<polymer_spg>CCC1(CC)C(=O)N([*:1])C(=O)N1C(=O)c1ccc2c(c1)C(=O)N(c1ccc(Oc3ccc(N4C(=O)c5ccc(C(=O)[*:2])cc5C4=O)cc3)cc1)C2=O;2->1,534.2633828,748.042185,-1.446169941
972,<polymer_spg>CC1(C)CC(NC(=O)O[*:1])CC(C)(CNC(=O)Nc2cccc3ccc([*:2])cc23)C1;2->1,479.8824911,684.0769872,-1.890705474
1137,<polymer_spg>O=C(NC1CC1NC(=O)[*:1])N1CCN([*:2])CC1;2->1,497.8382848,676.600201,-3.319098188
1071,<polymer_spg>Cc1ccc(NC(=O)N[*:1])cc1NC(=O)Nc1ccccc1CCc1ccccc1[*:2];2->1,366.4332681,715.0956129,-2.45555416
964,<polymer_spg>O=C1c2ccc(Oc3cccc4c(O[*:1])cccc34)cc2C(=O)N1c1cccc(N2C(=O)c3ccc([*:2])cc3C2=O)c1;2->1,507.9305643,775.5506764,-1.85982041
774,<polymer_spg>Cc1cc(Cc2ccc([*:1])c(C)c2)ccc1OC(=O)O[*:2];2->1,347.6193949,714.5448389,-1.000655602
324,<polymer_spg>c1cc(C[*:1])cc(C[*:2])c1;2->1,352.5305763,737.9861004,1.163433466
203,<polymer_spg>CCC(C)OC(=O)C(C)(C[*:1])[*:2];2->1,334.6656906,611.2491325,1.442225308
84,<polymer_spg>CCC(C[*:1])[*:2];2->1,217.3530266,613.3678633,1.740840335
633,<polymer_spg>CC1(C)CC(NC(=O)O[*:1])CC(C)(CNC(=O)NCCC[*:2])C1;2->1,420.2418559,622.4436062,-0.320738833
908,<polymer_spg>O=C1c2ccc(Oc3cccc4c(Oc5ccc6c(c5)C(=O)N([*:1])C6=O)cccc34)cc2C(=O)N1c1ccc(Oc2ccc([*:2])cc2)cc1;2->1,498.8738471,771.4829951,-1.570817568
611,<polymer_spg>O=C(CCC1CCC([*:1])O1)OC(=O)CC[*:2];2->1,322.7999217,667.5921794,-0.266947098
398,<polymer_spg>CC(=O)OC(C[*:1])[*:2];2->1,317.4647369,624.2099818,0.83730099
91,<polymer_spg>CC(C[*:1])C(F)(F)C(F)(F)[*:2];2->1,266.2233475,588.879893,1.698427292
1106,<polymer_spg>Cc1ccc(NC(=O)OCNC(=O)NCO[*:1])cc1NC(=O)[*:2];2->1,376.5031063,659.2735431,-2.893920326
430,<polymer_spg>c1ccc(-c2nc3cc4nc([*:1])c(-c5ccccc5)nc4cc3nc2-c2ccc([*:2])cc2)cc1;2->1,586.5302479,796.3507981,0.61754076
779,<polymer_spg>O=C1C([*:1])C([*:2])C(=O)N1c1ccccc1;2->1,516.291151,751.5099584,-1.016914595
291,<polymer_spg>CC(c1ccccc1)C(C[*:1])[*:2];2->1,357.964466,705.1083643,1.261143306
57,<polymer_spg>FC(F)(F)C1(F)OC(F)([*:1])C(F)([*:2])O1;2->1,575.25461,617.8417643,1.919520837
257,<polymer_spg>C(OC[*:1])[*:2];2->1,200.3648342,585.07483,1.349352716
888,<polymer_spg>CC1(C)CC(CNC(=O)NCc2ccccc2[*:1])CC(C)(NC(=O)O[*:2])C1;2->1,394.3146298,659.3191259,-1.531549574
1135,<polymer_spg>O=C(Nc1ccc(Cc2ccc(NC(=O)O[*:1])cc2)cc1)Nc1cccc([*:2])c1;2->1,441.0723952,725.6105124,-3.284345903
1066,<polymer_spg>COC(=O)C(CCCC[*:1])NC(=O)NCCNC(=O)N[*:2];2->1,339.7865003,619.3060392,-2.425746083
388,<polymer_spg>c1ccc(-c2ccc(-c3ccc(C(C[*:1])[*:2])cc3)cc2)cc1;2->1,410.076701,765.5076927,0.909578588
335,<polymer_spg>CCOC(C[*:1])(C(=O)OC1CCCCC1)[*:2];2->1,384.422562,651.7624708,1.127787918
273,<polymer_spg>CCCCCCCCCCCCOOCC(C[*:1])[*:2];2->1,199.8557516,613.8604489,1.303940231
756,<polymer_spg>FC(F)(S[*:1])[*:2];2->1,475.0123054,594.6906999,-0.9355972
1077,<polymer_spg>O=C(CCCCC(=O)[*:1])NN[*:2];2->1,354.017449,638.6412972,-2.55257279
1126,<polymer_spg>OCC1OC(OCC2OC([*:1])C(O)C(O)C2OC2OC(CO)C(O[*:2])C(O)C2O)C(O)C(O)C1O;2->1,520.6413671,615.7375866,-3.116595243
128,<polymer_spg>CC1CCC(C[*:1])([*:2])CC1;2->1,357.9124792,660.2256308,1.610923722
802,<polymer_spg>O=C(OCCCCCCOC(=O)c1ccc([*:1])cc1)c1ccc(OCCO[*:2])cc1;2->1,346.59409,688.6188034,-1.141282752
28,<polymer_spg>C=CC(C[*:1])[*:2];2->1,289.610913,635.1396565,2.231880009
882,<polymer_spg>COc1cc(C(=O)OC(=O)c2cccc(C(=O)OC(=O)c3ccc([*:1])c(OC)c3)c2)ccc1OCCCO[*:2];2->1,378.0158718,699.3436289,-1.497865677
510,<polymer_spg>O=C(CCCCCCOCCCCC(=O)NCCCCCO[*:1])NCCCCC[*:2];2->1,252.9803551,621.2033876,0.277633006
675,<polymer_spg>c1cc([*:1])sc1[*:2];2->1,649.8627969,745.1826257,-0.555254369
151,<polymer_spg>CCC(CC)(CC)OC(=O)C(C)(C[*:1])[*:2];2->1,318.5004625,612.330912,1.559828662
244,<polymer_spg>CCc1ccccc1C(C[*:1])[*:2];2->1,354.5411733,711.4248976,1.370585616
714,<polymer_spg>O=C(NCCCCCCCCCC[*:1])NCCCCCCCCNC(=O)N[*:2];2->1,270.5644897,623.1550755,-0.755834167
543,<polymer_spg>C(CC[*:1])CSCCS[*:2];2->1,272.2543732,662.3350486,0.1373413
544,<polymer_spg>C(C[*:1])N[*:2];2->1,376.9619208,582.5255502,0.129773523
639,<polymer_spg>O=C(OC(=O)c1ccc(O[*:1])cc1)c1ccc(OCCCCC[*:2])cc1;2->1,351.1986644,705.1782775,-0.362790477
697,<polymer_spg>Cc1ccc(NC(=O)OCC(=O)OCCOCCOCCOC(=O)CO[*:1])cc1NC(=O)[*:2];2->1,318.9715704,646.0675316,-0.69635103
423,<polymer_spg>c1cc(-c2ccn(-c3ccc([*:1])cc3)n2)cc(-c2ccn([*:2])n2)c1;2->1,518.8981695,780.3426309,0.630854481
910,<polymer_spg>O=C1N(c2ccc(Cc3ccc([*:1])cc3)cc2)C(=O)N1[*:2];2->1,525.4868233,757.7705627,-1.571585403
659,<polymer_spg>CC1(C)CC(NC(=O)O[*:1])CC(C)(CNC(=O)NCC[*:2])C1;2->1,431.6578504,622.139752,-0.451105547
797,<polymer_spg>O=C(NCCCCCCCCC[*:1])NCCCCCCNC(=O)N[*:2];2->1,280.360413,622.4555594,-1.115016792
1147,<polymer_spg>Cc1ccc(NC(=O)NCCNC(=O)N[*:1])cc1[*:2];2->1,395.6513126,668.80331,-3.543456337
99,<polymer_spg>CCCC(O[*:1])[*:2];2->1,207.689094,603.6350463,1.677240564
850,<polymer_spg>O=C(Oc1ccc(C(=O)CCCCCCCCC(=O)c2ccc([*:1])cc2)cc1)O[*:2];2->1,365.0281021,704.3035205,-1.331410525
448,<polymer_spg>O=C(CCCCCCCCC(=O)[*:1])OCCOCCOCCO[*:2];2->1,233.0529305,621.2147265,0.557790918
755,<polymer_spg>CC(C)(c1ccc(N2C(=O)c3ccc(Oc4cccc5c(Oc6ccc7c(c6)C(=O)N([*:1])C7=O)cccc45)cc3C2=O)cc1)c1ccc(C(C)(C)c2ccc([*:2])cc2)cc1;2->1,470.714566,753.0263205,-0.935491576
976,<polymer_spg>CC(O)CNC(=O)C(C)(C[*:1])[*:2];2->1,340.2890143,598.1891413,-1.898451118
115,<polymer_spg>CCCCCC(C[*:1])[*:2];2->1,194.7285423,619.8886789,1.649727013
777,<polymer_spg>C(S[*:1])[*:2];2->1,463.6568326,682.9108805,-1.007966984
72,<polymer_spg>CC(C[*:1])(C1CCCCC1)[*:2];2->1,420.9056002,657.0781467,1.805970425
845,<polymer_spg>O=C(NCCCCCCNC(=O)O[*:1])NCCCC[*:2];2->1,294.9772124,621.9945831,-1.315040525
537,<polymer_spg>CCCC(C(=O)OCCOCCO[*:1])C(=O)[*:2];2->1,253.203495,625.8325751,0.162618649
849,<polymer_spg>O=C1CC(Nc2ccc(N[*:1])cc2)C(=O)N1c1ccc(N2C(=O)CC([*:2])C2=O)cc1;2->1,577.2751726,734.3976014,-1.331131083
174,<polymer_spg>C1CCC([*:1])C([*:2])C1;2->1,536.947623,697.7420669,1.496431983
87,<polymer_spg>CC(CCC[*:1])[*:2];2->1,219.0030947,609.6210407,1.735546518
551,<polymer_spg>O=C(Nc1ccc(Cc2ccc(NC(=O)[*:1])cc2)cc1)OCCOCCOCC#CC#CCOCCOCCO[*:2];2->1,339.0502351,675.7313838,0.097891158
705,<polymer_spg>O=C(COc1cccc(C(=O)[*:1])c1)O[*:2];2->1,357.5101655,708.335899,-0.721806545
314,<polymer_spg>c1ccc(-c2cc(-c3ccc(-c4cc(-c5ccccc5)c(-c5ccc([*:1])cc5)c(-c5ccccc5)c4-c4ccccc4)cc3)c(-c3ccccc3)c(-c3ccccc3)c2-c2ccc(CCCCCC[*:2])cc2)cc1;2->1,456.3310698,771.1231461,1.195499393
600,<polymer_spg>CC(C)(COC(=O)NCCOCCO[*:1])COC(=O)NCC[*:2];2->1,273.0415443,599.3619054,-0.215135808
1094,<polymer_spg>O=C(NCCCCCCNC(=O)[*:1])c1cnn([*:2])c1;2->1,360.4177218,678.227364,-2.648981599
599,<polymer_spg>Cc1ccc(NC(=O)O[*:1])cc1NC(=O)OCCOCCOCCOCCOCCOCCOCC[*:2];2->1,305.2813573,625.6472846,-0.173104403
277,<polymer_spg>c1ccc(C2OC(C[*:1])CC([*:2])O2)cc1;2->1,415.6386824,711.4528083,1.291507591
1033,<polymer_spg>O=S(=O)(c1ccc(Oc2ccc(S(=O)(=O)c3ccc([*:1])cc3)cc2)cc1)c1ccc(O[*:2])cc1;2->1,440.8176665,693.4132109,-2.187519483
763,<polymer_spg>O=C(OCCCCCOC(=O)c1ccc([*:1])cc1)c1ccc(O[*:2])cc1;2->1,361.3203264,705.1782775,-0.96003331
835,<polymer_spg>O=C(CC[*:1])[*:2];2->1,304.48331,662.3478517,-1.29960043
559,<polymer_spg>c1cc2nc(-c3ccc([*:1])cc3)oc2cc1-c1ccc2nc([*:2])oc2c1;2->1,678.3488853,793.7290721,0.05438675
684,<polymer_spg>O=C(NCCCCCCNC(=O)OC[*:1])OCc1ccc([*:2])o1;2->1,321.8617513,653.7515659,-0.641729158
